--
-- Base de données : `film`
--

CREATE DATABASE Film;
USE film;

-- --------------------------------------------------------

--
-- Structure de la table `artiste`
--

DROP TABLE IF EXISTS `artiste`;
CREATE TABLE IF NOT EXISTS `artiste` (
  `id` int(11) NOT NULL,
  `nom` varchar(30) NOT NULL,
  `prenom` varchar(30) NOT NULL,
  `annee_naissance` int(11) DEFAULT NULL,
  PRIMARY KEY (`id`),
  UNIQUE KEY `nom` (`nom`,`prenom`)
) ENGINE=InnoDB;

--
-- Déchargement des données de la table `artiste`
--

INSERT INTO `artiste` (`id`, `nom`, `prenom`, `annee_naissance`) VALUES
(3, 'Ford', 'Harrison', NULL),
(5, 'Cushing', 'Peter', NULL),
(8, 'Unkrich', 'Lee', 1967),
(32, 'Wright', 'Robin', NULL),
(64, 'Oldman', 'Gary', NULL),
(65, 'Holm', 'Ian', NULL),
(103, 'Ruffalo', 'Mark', NULL),
(108, 'Jackson', 'Peter', NULL),
(109, 'Wood', 'Elijah', NULL),
(110, 'Mortensen', 'Viggo', NULL),
(112, 'Blanchett', 'Cate', NULL),
(134, 'Foxx', 'Jamie', NULL),
(140, 'Liu', 'Lucy', NULL),
(192, 'Freeman', 'Morgan', NULL),
(194, 'Harris', 'Richard', NULL),
(204, 'Winslet', 'Kate', NULL),
(206, 'Carrey', 'Jim', NULL),
(258, 'Bernal', 'Gael García', NULL),
(271, 'Sefami', 'José', NULL),
(287, 'Pitt', 'Brad', NULL),
(450, 'Colter', 'Mike', NULL),
(454, 'Peña', 'Michael', NULL),
(488, 'Spielberg', 'Steven', NULL),
(500, 'Cruise', 'Tom', NULL),
(501, 'Fanning', 'Dakota', NULL),
(504, 'Robbins', 'Tim', NULL),
(525, 'Nolan', 'Christopher', NULL),
(529, 'Pearce', 'Guy', NULL),
(530, 'Moss', 'Carrie-Anne', NULL),
(578, 'Scott', 'Ridley', NULL),
(593, 'Cassidy', 'Joanna', NULL),
(608, 'Miyazaki', 'Hayao', NULL),
(613, 'Shimamoto', 'Sumi', NULL),
(690, 'Quan', 'Ke Huy', NULL),
(776, 'Murphy', 'Eddie', NULL),
(819, 'Norton', 'Edward', NULL),
(893, 'Scott', 'Tony', NULL),
(934, 'Crowe', 'Russell', NULL),
(935, 'Nielsen', 'Connie', NULL),
(936, 'Reed', 'Oliver', NULL),
(973, 'Flemyng', 'Jason', NULL),
(976, 'Statham', 'Jason', NULL),
(1081, 'Knaup', 'Herbert', NULL),
(1115, 'Graham', 'Stephen', NULL),
(1158, 'Pacino', 'Al', NULL),
(1206, 'Alexander', 'Jason', NULL),
(1245, 'Johansson', 'Scarlett', NULL),
(1246, 'Mortimer', 'Emily', NULL),
(1248, 'Cox', 'Brian', NULL),
(1283, 'Carter', 'Helena Bonham', NULL),
(1327, 'McKellen', 'Ian', NULL),
(1328, 'Astin', 'Sean', NULL),
(1331, 'Weaving', 'Hugo', NULL),
(1333, 'Serkis', 'Andy', NULL),
(1341, 'Yen', 'Donnie', NULL),
(1462, 'Nelson', 'Tim Blake', NULL),
(1579, 'Gyllenhaal', 'Maggie', NULL),
(1620, 'Yeoh', 'Michelle', NULL),
(1640, 'Skarsgård', 'Stellan', NULL),
(1776, 'Coppola', 'Francis Ford', NULL),
(1810, 'Ledger', 'Heath', NULL),
(1813, 'Hathaway', 'Anne', NULL),
(1884, 'Soderbergh', 'Steven', NULL),
(1892, 'Damon', 'Matt', NULL),
(1893, 'Affleck', 'Casey', NULL),
(1921, 'Nolfi', 'George', NULL),
(1925, 'Cassel', 'Vincent', NULL),
(1954, 'Zane', 'Billy', NULL),
(2037, 'Murphy', 'Cillian', NULL),
(2038, 'Harris', 'Naomie', NULL),
(2039, 'Gleeson', 'Brendan', NULL),
(2128, 'Whannell', 'Leigh', NULL),
(2227, 'Kidman', 'Nicole', NULL),
(2231, 'Jackson', 'Samuel L.', NULL),
(2245, 'Attal', 'Yvan', NULL),
(2282, 'Kingsley', 'Ben', NULL),
(2283, 'Tucci', 'Stanley', NULL),
(2296, 'Owen', 'Clive', NULL),
(2299, 'Hartnett', 'Josh', NULL),
(2372, 'Perlman', 'Ron', NULL),
(2413, 'Pinon', 'Dominique', NULL),
(2440, 'Nighy', 'Bill', NULL),
(2461, 'Gibson', 'Mel', NULL),
(2524, 'Hardy', 'Tom', NULL),
(2710, 'Cameron', 'James', NULL),
(2888, 'Smith', 'Will', NULL),
(2975, 'Fishburne', 'Laurence', NULL),
(3051, 'Collette', 'Toni', NULL),
(3084, 'Brando', 'Marlon', NULL),
(3085, 'Caan', 'James', NULL),
(3086, 'Castellano', 'Richard S.', NULL),
(3087, 'Duvall', 'Robert', NULL),
(3131, 'Banderas', 'Antonio', NULL),
(3196, 'Lewis', 'Juliette', NULL),
(3223, 'Jr.', 'Robert Downey', NULL),
(3291, 'Grant', 'Hugh', NULL),
(3292, 'Hoult', 'Nicholas', NULL),
(3416, 'Moore', 'Demi', NULL),
(3490, 'Brody', 'Adrien', NULL),
(3497, 'Chandler', 'Kyle', NULL),
(3555, 'Swift', 'Jeremy', NULL),
(3623, 'Anaya', 'Elena', NULL),
(3713, 'Fisher', 'Frances', NULL),
(3810, 'Bardem', 'Javier', NULL),
(3894, 'Bale', 'Christian', NULL),
(3895, 'Caine', 'Michael', NULL),
(3896, 'Neeson', 'Liam', NULL),
(4027, 'Darabont', 'Frank', NULL),
(4029, 'Gunton', 'Bob', NULL),
(4139, 'Skerritt', 'Tom', NULL),
(4483, 'Hoffman', 'Dustin', NULL),
(4495, 'Carell', 'Steve', NULL),
(4587, 'Berry', 'Halle', NULL),
(4589, 'Bratt', 'Benjamin', NULL),
(4785, 'Goldblum', 'Jeff', NULL),
(4941, 'Nivola', 'Alessandro', NULL),
(5081, 'Blunt', 'Emily', NULL),
(5149, 'Hunt', 'Bonnie', NULL),
(5292, 'Washington', 'Denzel', NULL),
(5293, 'Dafoe', 'Willem', NULL),
(5294, 'Ejiofor', 'Chiwetel', NULL),
(5469, 'Fiennes', 'Ralph', NULL),
(5524, 'Adamson', 'Andrew', NULL),
(5526, 'Henley', 'Georgie', NULL),
(5527, 'Keynes', 'Skandar', NULL),
(5528, 'Moseley', 'William', NULL),
(5529, 'Popplewell', 'Anna', NULL),
(5539, 'French', 'Dawn', NULL),
(5576, 'Kilmer', 'Val', NULL),
(5658, 'Gambon', 'Michael', NULL),
(6065, 'Quaid', 'Dennis', NULL),
(6193, 'DiCaprio', 'Leonardo', NULL),
(6383, 'Eckhart', 'Aaron', NULL),
(6384, 'Reeves', 'Keanu', NULL),
(6573, 'Sadler', 'William', NULL),
(6574, 'Brown', 'Clancy', NULL),
(6588, 'Rossellini', 'Isabella', NULL),
(6613, 'Driver', 'Minnie', NULL),
(6692, 'Goodall', 'Caroline', NULL),
(6693, 'Sagall', 'Jonathan', NULL),
(6844, 'DeLuise', 'Dom', NULL),
(6941, 'Diaz', 'Cameron', NULL),
(6949, 'Malkovich', 'John', NULL),
(6968, 'Jackman', 'Hugh', NULL),
(6972, 'McShane', 'Ian', NULL),
(7026, 'Ifans', 'Rhys', NULL),
(7467, 'Fincher', 'David', NULL),
(7470, 'Loaf', 'Meat', NULL),
(7499, 'Leto', 'Jared', NULL),
(7710, 'Betti', 'Laura', NULL),
(8169, 'Gibson', 'Tyrese', NULL),
(8534, 'Bates', 'Kathy', NULL),
(8691, 'Saldaña', 'Zoe', NULL),
(9292, 'Stole', 'Mink', NULL),
(9340, 'Wachowski', 'Lana', NULL),
(9364, 'Foster', 'Gloria', NULL),
(9705, 'Sakurai', 'Takahiro', NULL),
(9976, 'Thomas', 'Henry', NULL),
(10182, 'Rhames', 'Ving', NULL),
(10205, 'Weaver', 'Sigourney', NULL),
(10297, 'McConaughey', 'Matthew', NULL),
(10402, 'Ubach', 'Alanna', NULL),
(10672, 'Malik', 'Art', NULL),
(10702, 'Campbell', 'Martin', NULL),
(10723, 'Newell', 'Mike', NULL),
(10742, 'Hatcher', 'Teri', NULL),
(10859, 'Reynolds', 'Ryan', NULL),
(10912, 'Green', 'Eva', NULL),
(10963, 'Zúñiga', 'José', NULL),
(10965, 'Columbus', 'Chris', NULL),
(10980, 'Radcliffe', 'Daniel', NULL),
(10989, 'Grint', 'Rupert', NULL),
(10990, 'Watson', 'Emma', NULL),
(10993, 'Felton', 'Tom', NULL),
(11084, 'McGillis', 'Kelly', NULL),
(11085, 'Edwards', 'Anthony', NULL),
(11159, 'Marin', 'Cheech', NULL),
(11181, 'Branagh', 'Kenneth', NULL),
(11288, 'Pattinson', 'Robert', NULL),
(12073, 'Myers', 'Mike', NULL),
(12074, 'Lithgow', 'John', NULL),
(12094, 'Saunders', 'Jennifer', NULL),
(12670, 'Kimura', 'Takuya', NULL),
(12786, 'West', 'Simon', NULL),
(12835, 'Diesel', 'Vin', NULL),
(12891, 'Whedon', 'Joss', NULL),
(13014, 'Jones', 'Toby', NULL),
(13240, 'Wahlberg', 'Mark', NULL),
(14406, 'Kudrow', 'Lisa', NULL),
(14892, 'DeWitt', 'Rosemarie', NULL),
(14974, 'Stanwyck', 'Barbara', NULL),
(15050, 'Remini', 'Leah', NULL),
(15111, 'Damme', 'Jean-Claude Van', NULL),
(15152, 'Jones', 'James Earl', NULL),
(15277, 'Favreau', 'Jon', NULL),
(15556, 'Hall', 'Rebecca', NULL),
(15576, 'Macfadyen', 'Matthew', NULL),
(16328, 'Brooks', 'Adam', NULL),
(16435, 'Medem', 'Julio', NULL),
(16442, 'Nimri', 'Najwa', NULL),
(16483, 'Stallone', 'Sylvester', NULL),
(16828, 'Evans', 'Chris', NULL),
(16851, 'Brolin', 'Josh', NULL),
(16980, 'Irureta', 'Elena', NULL),
(17052, 'Grace', 'Topher', NULL),
(17064, 'Whishaw', 'Ben', NULL),
(17245, 'McKenzie', 'Ben', NULL),
(17288, 'Fassbender', 'Michael', NULL),
(17302, 'Gray-Cabey', 'Noah', NULL),
(17414, 'Talley', 'Jill', NULL),
(17419, 'Cranston', 'Bryan', NULL),
(17497, 'Duris', 'Romain', NULL),
(17545, 'Kremp', 'Jan-Gregor', NULL),
(17605, 'Elba', 'Idris', NULL),
(17647, 'Rodriguez', 'Michelle', NULL),
(17743, 'Cosgrove', 'Miranda', NULL),
(17782, 'Meaney', 'Colm', NULL),
(17825, 'Levy', 'Shawn', NULL),
(17838, 'Malek', 'Rami', NULL),
(18514, 'Argento', 'Asia', NULL),
(18865, 'Leterrier', 'Louis', NULL),
(18878, 'Cohen', 'Rob', NULL),
(18897, 'Chan', 'Jackie', NULL),
(18918, 'Johnson', 'Dwayne', NULL),
(18999, 'Simmons', 'J.K.', NULL),
(19272, 'Russo', 'Joe', NULL),
(19492, 'Davis', 'Viola', NULL),
(19498, 'Bernthal', 'Jon', NULL),
(19588, 'Irino', 'Miyu', NULL),
(19769, 'Ayer', 'David', NULL),
(19923, 'Bonneville', 'Hugh', NULL),
(19978, 'Kravits', 'Jason', NULL),
(20364, 'Brent', 'George', NULL),
(20664, 'Yamadera', 'Kōichi', NULL),
(20738, 'Kang-ho', 'Song', NULL),
(20982, 'Csokas', 'Marton', NULL),
(21684, 'Joon-ho', 'Bong', NULL),
(23498, 'Ludwig', 'Alexander', NULL),
(23532, 'Bateman', 'Jason', NULL),
(23659, 'Ferrell', 'Will', NULL),
(23987, 'Nakata', 'Jōji', NULL),
(24045, 'Gordon-Levitt', 'Joseph', NULL),
(25072, 'Isaac', 'Oscar', NULL),
(25147, 'Hale', 'Tony', NULL),
(25663, 'Brodie-Sangster', 'Thomas', NULL),
(27319, 'Waltz', 'Christoph', NULL),
(27392, 'Verso', 'Enrico Lo', NULL),
(27428, 'Taylor-Johnson', 'Aaron', NULL),
(27578, 'Page', 'Elliot', NULL),
(27972, 'Hutcherson', 'Josh', NULL),
(30058, 'Miller', 'Steven C.', NULL),
(30310, 'Hawes', 'James', NULL),
(30614, 'Gosling', 'Ryan', NULL),
(31383, 'Dhavernas', 'Caroline', NULL),
(31514, 'Jacobson', 'Peter', NULL),
(32747, 'Lang', 'Stephen', NULL),
(34027, 'Sandrelli', 'Stefania', NULL),
(34398, 'Fagerbakke', 'Bill', NULL),
(35029, 'Harbour', 'David', NULL),
(35070, 'Kumar', 'Akshay', NULL),
(35747, 'Khan', 'Saif Ali', NULL),
(36190, 'Falco', 'Edie', NULL),
(36549, 'Ross', 'Yolonda', NULL),
(36594, 'Temple', 'Juno', NULL),
(36801, 'Scott', 'Adam', NULL),
(37405, 'Florence', 'Margaret Anne', NULL),
(38560, 'Phillips', 'Lou Diamond', NULL),
(38593, 'Vitali', 'Alvaro', NULL),
(39847, 'Reijn', 'Halina', NULL),
(40644, 'Stahelski', 'Chad', NULL),
(41091, 'Wiig', 'Kristen', NULL),
(41092, 'Lado', 'Aldo', NULL),
(41093, 'Ranieri', 'Massimo', NULL),
(41094, 'Casellato', 'Luigi', NULL),
(41352, 'Quattro', 'Van', NULL),
(41887, 'Polish', 'Michael', NULL),
(45400, 'Gerwig', 'Greta', NULL),
(45586, 'Szubanski', 'Magda', NULL),
(45689, 'Moya', 'Sergej', NULL),
(47015, 'Kerridge', 'Mary', NULL),
(47825, 'Banner', 'Jérôme Le', NULL),
(51798, 'Sackhoff', 'Katee', NULL),
(51851, 'Kasdan', 'Jake', NULL),
(51878, 'Kani', 'John', NULL),
(51995, 'Rossi', 'Theo', NULL),
(51998, 'Lapira', 'Liza', NULL),
(52342, 'Marchal', 'Olivier', NULL),
(52605, 'Longoria', 'Eva', NULL),
(52848, 'Fisher', 'Isla', NULL),
(52891, 'Burke', 'Tom', NULL),
(53347, 'Roof', 'Michael', NULL),
(53650, 'Mackie', 'Anthony', NULL),
(53925, 'Hess', 'Jared', NULL),
(53998, 'Noone', 'Nora-Jane', NULL),
(54507, 'Chu', 'Jon M.', NULL),
(54649, 'Mandylor', 'Louis', NULL),
(54882, 'Baccarin', 'Morena', NULL),
(55081, 'Eusebio', 'Jonathan', NULL),
(55472, 'Dhawan', 'Sacha', NULL),
(55493, 'Corbet', 'Brady', NULL),
(55499, 'Derrickson', 'Scott', NULL),
(55662, 'Hidaka', 'Noriko', NULL),
(55937, 'Fane', 'David', NULL),
(56194, 'Sorrentino', 'Paolo', NULL),
(56322, 'Poehler', 'Amy', NULL),
(56446, 'Cena', 'John', NULL),
(56650, 'Fearon', 'Ray', NULL),
(57646, 'Selick', 'Henry', NULL),
(58225, 'Galifianakis', 'Zach', NULL),
(58269, 'Møller', 'Jesper', NULL),
(59174, 'Ferrera', 'America', NULL),
(59291, 'Aja', 'Alexandre', NULL),
(59521, 'Collet-Serra', 'Jaume', NULL),
(60416, 'Ferns', 'Alex', NULL),
(60960, 'Nicholson', 'Ray', NULL),
(61134, 'Maslany', 'Tatiana', NULL),
(62385, 'Shakir', 'Mustafa', NULL),
(62910, 'Lind', 'Sarah', NULL),
(63522, 'Vergara', 'Sofía', NULL),
(63936, 'Haddon', 'Dayle', NULL),
(64149, 'Hastings', 'Peter', NULL),
(64151, 'Mitchell', 'Mike', NULL),
(64846, 'Perugorría', 'Jorge', NULL),
(64856, 'White', 'Michael Jai', NULL),
(65427, 'Ueda', 'Yūji', NULL),
(65717, 'Hamm', 'Jon', NULL),
(65727, 'Jaeger', 'Sam', NULL),
(65731, 'Worthington', 'Sam', NULL),
(65827, 'David', 'Keith', NULL),
(65887, 'Kunene', 'Vusi', NULL),
(66193, 'Sanders', 'Chris', NULL),
(66525, 'Garcia', 'Jesse', NULL),
(67599, 'Hudgens', 'Vanessa', NULL),
(67837, 'Weaver', 'Jacki', NULL),
(68903, 'Jung-Min', 'Hwang', NULL),
(69036, 'Sica', 'Christian De', NULL),
(70615, 'Bumpass', 'Rodger', NULL),
(70851, 'Black', 'Jack', NULL),
(70904, 'Dockery', 'Michelle', NULL),
(71580, 'Cumberbatch', 'Benedict', NULL),
(71600, 'Gordon', 'Seth', NULL),
(72128, 'Yázpik', 'José María', NULL),
(72855, 'Jones', 'Felicity', NULL),
(72873, 'Stuhlbarg', 'Michael', NULL),
(73421, 'Phoenix', 'Joaquin', NULL),
(73457, 'Pratt', 'Chris', NULL),
(74091, 'Shinkai', 'Makoto', NULL),
(74568, 'Hemsworth', 'Chris', NULL),
(77164, 'Robbins', 'Ryan', NULL),
(77188, 'Dal-su', 'Oh', NULL),
(78029, 'Lawrence', 'Martin', NULL),
(78062, 'Ameen', 'Aml', NULL),
(78226, 'Charhon', 'David', NULL),
(78245, 'Kapoor', 'Shahid', NULL),
(78329, 'Ashbourne', 'Lorraine', NULL),
(78798, 'Kenny', 'Tom', NULL),
(80184, 'Goossen', 'Jeananne', NULL),
(80230, 'Banfi', 'Lino', NULL),
(80236, 'Kolker', 'Henry', NULL),
(80310, 'Jayawardena', 'Tony', NULL),
(80602, 'Perry', 'Tyler', NULL),
(80860, 'Bailey', 'Jonathan', NULL),
(81682, 'Novaković', 'Bojana', NULL),
(81685, 'Grillo', 'Frank', NULL),
(82304, 'Youn', 'Michaël', NULL),
(83002, 'Chastain', 'Jessica', NULL),
(83731, 'Green', 'Nick', NULL),
(84209, 'Lee', 'RonReaco', NULL),
(84215, 'Rathbone', 'Jackson', NULL),
(84292, 'Oliver', 'John', NULL),
(84496, 'Cooley', 'Josh', NULL),
(84778, 'Yarovenko', 'Natasha', NULL),
(84865, 'Houston', 'William', NULL),
(85756, 'Shaw', 'Frankie', NULL),
(86212, 'Bose', 'Rahul', NULL),
(86270, 'Kosinski', 'Joseph', NULL),
(86310, 'Britton', 'Connie', NULL),
(87742, 'Webb', 'Marc', NULL),
(87956, 'Moffett', 'D.W.', NULL),
(89153, 'Raj', 'Prakash', NULL),
(89445, 'Hernández', 'Noé', NULL),
(89626, 'Kateb', 'Reda', NULL),
(90135, 'Inoue', 'Marina', NULL),
(90399, 'Bechdholt', 'Curtis', NULL),
(90609, 'Perkins', 'Osgood', NULL),
(90633, 'Gadot', 'Gal', NULL),
(92429, 'Hultén', 'Jens', NULL),
(92508, 'Whittaker', 'Lee', NULL),
(92733, 'Elliot', 'Adam', NULL),
(92784, 'Jenkins', 'Barry', NULL),
(93364, 'Fowler', 'Jeff', NULL),
(93801, 'Kamiya', 'Hiroshi', NULL),
(94914, 'García', 'Luis Alberto', NULL),
(95101, 'Day', 'Charlie', NULL),
(95972, 'Moland', 'Hans Petter', NULL),
(97774, 'Green', 'Alfred E.', NULL),
(97775, 'Cook', 'Donald', NULL),
(97776, 'Ethier', 'Alphonse', NULL),
(98421, 'Nicklin', 'Sarah', NULL),
(98631, 'Wingard', 'Adam', NULL),
(102223, 'Miró', 'Kira', NULL),
(105656, 'Irvine', 'Chris', NULL),
(107529, 'Lediga', 'Kagiso', NULL),
(108900, 'Orlando', 'Silvio', NULL),
(113505, 'Smit-McPhee', 'Kodi', NULL),
(115150, 'Scodelario', 'Kaya', NULL),
(115290, 'Lee', 'Sun-kyun', NULL),
(117642, 'Momoa', 'Jason', NULL),
(118370, 'Zaror', 'Marko', NULL),
(118415, 'Baker', 'Sean', NULL),
(119172, 'Ranieri', 'Luisa', NULL),
(119589, 'Glover', 'Donald', NULL),
(120637, 'Carotenuto', 'Mario', NULL),
(124644, 'Tipton', 'Lio', NULL),
(124748, 'Renaud', 'Chris', NULL),
(130640, 'Steinfeld', 'Hailee', NULL),
(136981, 'Ireland', 'Anthony', NULL),
(137427, 'Villeneuve', 'Denis', NULL),
(137905, 'Skarsgård', 'Bill', NULL),
(138781, 'Eggers', 'Robert', NULL),
(139422, 'Reel', 'Tee', NULL),
(141610, 'Velez', 'Luna Lauren', NULL),
(142205, 'Tandy', 'Meagan', NULL),
(143432, 'Chinh', 'Kieu', NULL),
(144852, 'Harmon', 'Richard', NULL),
(145221, 'Menendez', 'Joe', NULL),
(146415, 'Piccinino', 'Shaun Paul', NULL),
(146515, 'Wantha', 'Taweewat', NULL),
(146996, 'Laurenti', 'Mariano', NULL),
(148037, 'Jr.', 'N.T. Rama Rao', NULL),
(149894, 'Kaji', 'Yūki', NULL),
(151680, 'Ellis', 'Jay', NULL),
(152416, 'Bartlett', 'Murray', NULL),
(154004, 'Victor', 'Renee', NULL),
(159962, 'Graham', 'Kat', NULL),
(164930, 'Law', 'Katrina', NULL),
(182001, 'Mann', 'Kelsey', NULL),
(184945, 'Godfrey', 'Michael', NULL),
(188229, 'Lawrence', 'Mr.', NULL),
(191028, 'Ryan', 'Robert Michael', NULL),
(210172, 'Guillén', 'Harvey', NULL),
(213596, 'Schick', 'Clemens', NULL),
(215055, 'Yeun', 'Steven', NULL),
(220232, 'Pasqualino', 'Luke', NULL),
(221018, 'Stevens', 'Dan', NULL),
(221192, 'Newton', 'Kathryn', NULL),
(221522, 'Berger', 'Edward', NULL),
(221773, 'Hayami', 'Saori', NULL),
(221840, 'Canning', 'Sara', NULL),
(222121, 'Schwartz', 'Ben', NULL),
(224413, 'Hino', 'Satoshi', NULL),
(224513, 'Armas', 'Ana de', NULL),
(225730, 'Kamiki', 'Ryunosuke', NULL),
(226001, 'Grande', 'Ariana', NULL),
(226366, 'Henry', 'Brian Tyree', NULL),
(226514, 'Nuansut', 'Thanadol', NULL),
(227317, 'Guida', 'Gloria', NULL),
(228072, 'Ikuta', 'Tōma', NULL),
(228371, 'Collins', 'Chad Michael', NULL),
(231517, 'Issa', 'Ayisha', NULL),
(234352, 'Robbie', 'Margot', NULL),
(235128, 'Cirulnik', 'Agustina Gonzalez', NULL),
(235416, 'Snook', 'Sarah', NULL),
(237704, 'Andrrews', 'Rosshan', NULL),
(240724, 'Scott', 'Naomi', NULL),
(262023, 'Cummings', 'Jimmy', NULL),
(298410, 'Key', 'Keegan-Michael', NULL),
(303056, 'Johnson', 'Craig', NULL),
(527393, 'O\'Brien', 'Dylan', NULL),
(543505, 'Johnson', 'Jake', NULL),
(543530, 'Bautista', 'Dave', NULL),
(544442, 'Nuñez', 'Paola', NULL),
(544906, 'Siu-Fung', 'Pauline Wong', NULL),
(556172, 'Chandor', 'J.C.', NULL),
(557545, 'Randolph', 'Katherine', NULL),
(565222, 'Anderson', 'Matthew Kevin', NULL),
(566080, 'Bloquet', 'Jonas', NULL),
(587020, 'James', 'Theo', NULL),
(587090, 'Kulkarni', 'Girish', NULL),
(587506, 'Moore', 'Shameik', NULL),
(587753, 'Hegde', 'Pooja', NULL),
(589003, 'Val', 'Norberto Ramos del', NULL),
(589413, 'Picchio', 'Ana María', NULL),
(592925, 'Volm', 'Saralisa', NULL),
(593202, 'Hasson', 'Maddie', NULL),
(928572, 'Eastwood', 'Scott', NULL),
(932045, 'Harmon', 'Lacie', NULL),
(932046, 'Greenspan', 'Robin', NULL),
(932248, 'Álvarez', 'Fede', NULL),
(932967, 'Ali', 'Mahershala', NULL),
(933176, 'Leone', 'Damien', NULL),
(933238, 'Ferguson', 'Rebecca', NULL),
(933578, 'Anderson', 'Ella', NULL),
(935907, 'Esterhazy', 'Danishka', NULL),
(936275, 'Yūki', 'Aoi', NULL),
(936670, 'Persichetti', 'Bob', NULL),
(936970, 'Garner', 'Julia', NULL),
(939147, 'Sang-ho', 'Yeon', NULL),
(940376, 'Marcel', 'Kelly', NULL),
(964826, 'Cartas', 'Chava', NULL),
(966306, 'Karagulian', 'Karren', NULL),
(970027, 'Hazas', 'Marta', NULL),
(972445, 'Relucio', 'Angela', NULL),
(984629, 'Abbott', 'Christopher', NULL),
(993774, 'Brosnahan', 'Rachel', NULL),
(994149, 'Medina', 'Héctor', NULL),
(994163, 'Friedlander', 'Lee', NULL),
(996701, 'Teller', 'Miles', NULL),
(1017209, 'Torrens', 'Carles', NULL),
(1019920, 'Watanabe', 'Mototsugu', NULL),
(1028438, 'Loreti', 'Nicanor', NULL),
(1030513, 'Quaid', 'Jack', NULL),
(1041256, 'Colonna', 'Leo', NULL),
(1042729, 'Ribas', 'Alba', NULL),
(1046497, 'Thompson', 'Justin K.', NULL),
(1049537, 'Bascuñan', 'Paz', NULL),
(1050186, 'Castillo', 'Irán', NULL),
(1055230, 'Cassidy', 'Raffey', NULL),
(1062026, 'Freijeiro', 'Celia', NULL),
(1063331, 'Bisbano', 'David', NULL),
(1074676, 'Boone', 'Tiffany', NULL),
(1075037, 'Brooks', 'Danielle', NULL),
(1075102, 'Castiglione', 'Sofía Gala', NULL),
(1076066, 'Dean', 'Lowell', NULL),
(1077537, 'Gastambide', 'Franck', NULL),
(1077932, 'Kaur', 'Nimrat', NULL),
(1087245, 'Hancock', 'Drew', NULL),
(1092908, 'Macklin', 'Eve', NULL),
(1096528, 'Hirakawa', 'Daisuke', NULL),
(1135268, 'Jallab', 'Tewfik', NULL),
(1136406, 'Holland', 'Tom', NULL),
(1139872, 'Kelkar', 'Sharad', NULL),
(1144322, 'Solans', 'David', NULL),
(1149906, 'Giese', 'Gustav Dyekjær', NULL),
(1157292, 'Robbins', 'Miles', NULL),
(1165749, 'Palomino', 'Juan', NULL),
(1168111, 'Siva', 'Koratala', NULL),
(1168608, 'Mustonen', 'Taneli', NULL),
(1177739, 'Malles', 'Ander', NULL),
(1179066, 'Ball', 'Wes', NULL),
(1181022, 'Lipovsky', 'Zach', NULL),
(1181354, 'Hadera', 'Ilfenesh', NULL),
(1190668, 'Chalamet', 'Timothée', NULL),
(1191238, 'Rojinski', 'Palina', NULL),
(1191266, 'Wiangyangkung', 'Winai', NULL),
(1192152, 'Mandes', 'Tomasz', NULL),
(1192218, 'Souza', 'Sebastian de', NULL),
(1193391, 'Gonzalez', 'Anthony', NULL),
(1202063, 'Thyberg', 'Ninja', NULL),
(1202392, 'Namya', 'Taskya', NULL),
(1202732, 'Cock', 'Chris', NULL),
(1208255, 'Sánchez', 'Malena', NULL),
(1210634, 'Shimazaki', 'Nobunaga', NULL),
(1212864, 'O\'Shaughnessey', 'Colleen', NULL),
(1214525, 'Mohindra', 'Anjli', NULL),
(1223863, 'Taylor', 'Sharon', NULL),
(1240427, 'Msamati', 'Lucian', NULL),
(1241498, 'Ono', 'Daisuke', NULL),
(1241562, 'Nabatame', 'Hitomi', NULL),
(1246972, 'Rose', 'Ruby', NULL),
(1248340, 'Tomatsu', 'Haruka', NULL),
(1251336, 'Sánchez', 'Iván', NULL),
(1251835, 'Nyman', 'Preston', NULL),
(1253360, 'Pascal', 'Pedro', NULL),
(1254975, 'Hyun-been', 'Shin', NULL),
(1255881, 'Woo-shik', 'Choi', NULL),
(1257808, 'Fastlicht', 'Ricardo', NULL),
(1260451, 'Wong', 'Baim', NULL),
(1266686, 'Borisov', 'Yuriy', NULL),
(1267329, 'Nyong\'o', 'Lupita', NULL),
(1268900, 'Fraiha', 'Fernando', NULL),
(1284519, 'Suprakob', 'Ratchanont', NULL),
(1290466, 'Keoghan', 'Barry', NULL),
(1293892, 'Sullivan', 'Chris', NULL),
(1293994, 'Watts', 'Jon', NULL),
(1295875, 'Arora', 'Bhuvan', NULL),
(1296849, 'Cohen', 'Michael D.', NULL),
(1301933, 'Onah', 'Julius', NULL),
(1302549, 'Fogel', 'Susanna', NULL),
(1303037, 'Egerton', 'Taron', NULL),
(1304661, 'Harris', 'Madeleine', NULL),
(1304662, 'Joslin', 'Samuel', NULL),
(1309460, 'Alberti', 'Luis', NULL),
(1310760, 'Lee', 'Ki Hong', NULL),
(1311441, 'Alonso', 'Leonardo', NULL),
(1315036, 'Ridley', 'Daisy', NULL),
(1317685, 'Beck', 'Scott', NULL),
(1318650, 'Fitzgerald', 'Willa', NULL),
(1322339, 'Umbara', 'Anggy', NULL),
(1324472, 'Kawanishi', 'Kengo', NULL),
(1328012, 'Zilbalodis', 'Gints', NULL),
(1331023, 'Jones', 'Emilia', NULL),
(1331457, 'Carson', 'Sofia', NULL),
(1332493, 'Costa', 'Edoardo', NULL),
(1336329, 'Ogg', 'Steven', NULL),
(1336359, 'Gordon', 'Wayne', NULL),
(1339199, 'Wise', 'Gaia', NULL),
(1344361, 'Jr.', 'Kelvin Harrison,', NULL),
(1350363, 'Grieco', 'Gabriel', NULL),
(1353425, 'Prasath', 'Lallu', NULL),
(1356210, 'Brown', 'Millie Bobby', NULL),
(1361389, 'Berk', 'Dan', NULL),
(1362223, 'Horowitz', 'Alison Jaye', NULL),
(1371297, 'Arjona', 'Adria', NULL),
(1371509, 'Gage', 'Lukas', NULL),
(1372661, 'Guerrab', 'Soufiane', NULL),
(1373143, 'Nonnenmacher', 'Marie', NULL),
(1373246, 'Chetail', 'Adeline', NULL),
(1373737, 'Pugh', 'Florence', NULL),
(1375501, 'Naderi', 'Bobby', NULL),
(1381186, 'Hsu', 'Stephanie', NULL),
(1392137, 'Qualley', 'Margaret', NULL),
(1397778, 'Taylor-Joy', 'Anya', NULL),
(1399841, 'Arbi', 'Adil El', NULL),
(1413918, 'Reina', 'Salva', NULL),
(1415381, 'Kobayashi', 'Ai', NULL),
(1416517, 'Prendergast', 'Ben', NULL),
(1421349, 'Alexander', 'Ana', NULL),
(1427948, 'Davidson', 'Pete', NULL),
(1428067, 'Norman', 'Jace', NULL),
(1428070, 'Merced', 'Isabela', NULL),
(1428298, 'Wagelin', 'Christopher', NULL),
(1437491, 'DeBose', 'Ariana', NULL),
(1441215, 'Lore', 'Anna', NULL),
(1443671, 'Jasem', 'Yasamin', NULL),
(1449871, 'Marchal', 'Zoé', NULL),
(1451348, 'Godmere', 'Ken', NULL),
(1452028, 'Ueda', 'Reina', NULL),
(1453293, 'Kostov', 'Julian', NULL),
(1455336, 'Rae', 'Issa', NULL),
(1457340, 'Vázquez', 'Berta', NULL),
(1459885, 'Depp', 'Lily-Rose', NULL),
(1460406, 'Poveda', 'Marta', NULL),
(1464650, 'Keen', 'Dafne', NULL),
(1466581, 'Dodani', 'Nik', NULL),
(1472483, 'Santillán-López', 'Noé', NULL),
(1473119, 'Pallavi', 'Sai', NULL),
(1479869, 'Dirisu', 'Sope', NULL),
(1482026, 'Chambers', 'Scott', NULL),
(1482198, 'Joyner', 'Owen Patrick', NULL),
(1483664, 'Gevargizian', 'Jill', NULL),
(1488961, 'Howery', 'Lil Rel', NULL),
(1496392, 'Alwyn', 'Joe', NULL),
(1498066, 'Kawana', 'Shinobu', NULL),
(1508131, 'Abrams', 'Gore', NULL),
(1512280, 'East', 'Chloe', NULL),
(1525043, 'Barbaro', 'Monica', NULL),
(1530558, 'McGraw', 'Madeleine', NULL),
(1530733, 'Jun-yeol', 'Ryu', NULL),
(1534392, 'Ready', 'Paul', NULL),
(1537686, 'Ackie', 'Naomi', NULL),
(1538851, 'Connor', 'Kit', NULL),
(1546658, 'Nilson', 'Tyler', NULL),
(1547148, 'Briones', 'Teo', NULL),
(1552773, 'Brojerdi', 'Reza', NULL),
(1558832, 'Bollen', 'Benjamin', NULL),
(1562074, 'Allen', 'Kyle', NULL),
(1562322, 'Lepley', 'Tyler', NULL),
(1562547, 'Madani', 'Nawell', NULL),
(1564846, 'Cravalho', 'Auli\'i', NULL),
(1565301, 'Astruc', 'Thomas', NULL),
(1571127, 'Sobarzo', 'Gabriela', NULL),
(1577369, 'Applebaum', 'Elisha', NULL),
(1580799, 'Nadela', 'Jojo', NULL),
(1588844, 'Sumulong', 'Tabs', NULL),
(1591370, 'Hyeon-woo', 'Seo', NULL),
(1597365, 'Quinn', 'Joseph', NULL),
(1600889, 'Dol', 'Juliette', NULL),
(1601223, 'Fox', 'Sean Ryan', NULL),
(1602205, 'White', 'Gillian', NULL),
(1602451, 'Collin', 'Amanda', NULL),
(1607016, 'Fargeat', 'Coralie', NULL),
(1616974, 'Saralidze', 'Otar', NULL),
(1636739, 'Flynn', 'Brandon', NULL),
(1637039, 'Lamparska', 'Magdalena', NULL),
(1638614, 'Mustin', 'Thomas', NULL),
(1640439, 'Madison', 'Mikey', NULL),
(1644983, 'Mahenra', 'Deva', NULL),
(1649152, 'Batalon', 'Jacob', NULL),
(1654001, 'Midthunder', 'Amber', NULL),
(1658615, 'Pope', 'Jeff', NULL),
(1660452, 'Gabriel', 'Betty', NULL),
(1663195, 'Tran', 'Kelly Marie', NULL),
(1669372, 'Grande', 'Frankie', NULL),
(1670825, 'Periasamy', 'Rajkumar', NULL),
(1673258, 'Cousins', 'Anthony', NULL),
(1674206, 'Williams', 'Laurence Ubong', NULL),
(1674833, 'Letexier', 'Yvick', NULL),
(1675644, 'Cave', 'Mimi', NULL),
(1676771, 'Scaffidi', 'Samantha', NULL),
(1681937, 'Neale', 'Samantha', NULL),
(1683343, 'Spaeny', 'Cailee', NULL),
(1690969, 'Rana', 'Pravessh', NULL),
(1693162, 'Absento', 'Pablo', NULL),
(1694474, 'Halderman', 'Caitlin', NULL),
(1700685, 'Pullman', 'Lewis', NULL),
(1702791, 'Stanton', 'Jimi', NULL),
(1710334, 'Diemer', 'Daniel', NULL),
(1710851, 'Manenti', 'Alexis', NULL),
(1711359, 'Malépart-Traversy', 'Lori', NULL),
(1716493, 'Dickinson', 'Harris', NULL),
(1717526, 'Wilson', 'Dougal', NULL),
(1719706, 'Horvath', 'Aaron', NULL),
(1721268, 'Convery', 'Christian', NULL),
(1731988, 'Martínez', 'Ana Jara', NULL),
(1736805, 'Watson', 'Flavia', NULL),
(1739102, 'González', 'Domingo', NULL),
(1762588, 'Hautbois', 'Annouck', NULL),
(1762589, 'Kazazian', 'Thierry', NULL),
(1763709, 'Pierre', 'Aaron', NULL),
(1765068, 'Erivo', 'Cynthia', NULL),
(1767250, 'Greenblatt', 'Ariana', NULL),
(1773397, 'Ramirez', 'Danny', NULL),
(1773925, 'Tymoshuk', 'Nathan', NULL),
(1792403, 'Monahan', 'Scott', NULL),
(1805075, 'Dixon', 'Joshua', NULL),
(1810815, 'Riaz', 'Usman', NULL),
(1820190, 'Yimmumphai', 'Panya', NULL),
(1831842, 'Navarro', 'Cassandra Sánchez', NULL),
(1840932, 'Nicks', 'Rachel', NULL),
(1848952, 'Khan', 'Sara Ali', NULL),
(1849472, 'Morrison', 'Toussaint', NULL),
(1853909, 'Deadwyler', 'Danielle', NULL),
(1866474, 'Edwards', 'Desmond', NULL),
(1868823, 'Matafeo', 'Rose', NULL),
(1869968, 'Burnap', 'Andrew', NULL),
(1879020, 'Hviid', 'Frederik Louis', NULL),
(1880016, 'Thornton', 'David Howard', NULL),
(1882502, 'LaVera', 'Lauren', NULL),
(1889621, 'West', 'Minnie', NULL),
(1894422, 'Belmondo', 'Victor', NULL),
(1900200, 'Anthony', 'Andonis', NULL),
(1903874, 'Hawke', 'Maya', NULL),
(1903886, 'Claire', 'Evelyn', NULL),
(1908347, 'Morrison', 'Zelda', NULL),
(1914386, 'Guemra', 'Kamel', NULL),
(1921469, 'Munoz', 'Juan Pablo Arias', NULL),
(1928381, 'Chambers', 'Melissa', NULL),
(1945369, 'Norman', 'Woody', NULL),
(1945662, 'Ce', 'Shi', NULL),
(1947460, 'Diong', 'Alassane', NULL),
(1962720, 'Catlett', 'William', NULL),
(1973571, 'Tsabina', 'Beby', NULL),
(1981044, 'Thatcher', 'Sophie', NULL),
(1994213, 'Rodriguez-Saenz', 'Manuel', NULL),
(2019444, 'Young', 'Elle', NULL),
(2026050, 'Raver-Lampman', 'Emmy', NULL),
(2032942, 'Gulati', 'Pavail', NULL),
(2072197, 'Roberts', 'McKenna', NULL),
(2073513, 'Suri', 'Megan', NULL),
(2075666, 'Krief', 'Natacha', NULL),
(2079778, 'Le', 'Toan', NULL),
(2081329, 'Ngo', 'Shal', NULL),
(2099497, 'Hechinger', 'Fred', NULL),
(2100160, 'Hughes', 'Aiden', NULL),
(2101948, 'Newman', 'David', NULL),
(2106489, 'Ban', 'Taito', NULL),
(2112788, 'Saloka', 'Arya', NULL),
(2114682, 'Salomón', 'Demián', NULL),
(2126110, 'Chokprajakchat', 'Wawaa Nichari', NULL),
(2131391, 'McGraw', 'Violet', NULL),
(2135069, 'Gibbs', 'Jojo T.', NULL),
(2136790, 'Needham', 'Dave', NULL),
(2139802, 'Curiel', 'Luis', NULL),
(2144356, 'Bonifacio', 'Bobby', NULL),
(2158397, 'Toledano', 'José Antonio', NULL),
(2164506, 'Renaux', 'Archie', NULL),
(2171593, 'Yanbo', 'Han', NULL),
(2184226, 'Blanchart', 'Michiel', NULL),
(2192867, 'Ishida', 'Akira', NULL),
(2195140, 'Edebiri', 'Ayo', NULL),
(2215763, 'IV', 'Percy Daggs', NULL),
(2217977, 'Zegler', 'Rachel', NULL),
(2218465, 'Finn', 'Parker', NULL),
(2252696, 'Marcia', 'Marlon', NULL),
(2264694, 'Río', 'Iria del', NULL),
(2278287, 'Sanz', 'Sara', NULL),
(2278760, 'Bo-min', 'Kim', NULL),
(2280178, 'Kappel', 'Sofia', NULL),
(2291424, 'Aragão', 'Madalena', NULL),
(2304140, 'Fearn', 'Spike', NULL),
(2313436, 'Hamilton-Clark', 'Edward', NULL),
(2324569, 'Corrin', 'Emma', NULL),
(2326151, 'Mescal', 'Paul', NULL),
(2342683, 'Lemus', 'Marvin', NULL),
(2344290, 'Téllez', 'Natalia', NULL),
(2349355, 'Morrone', 'Michele', NULL),
(2359018, 'Jones', 'Sawyer', NULL),
(2371446, 'Fox', 'Julia', NULL),
(2385684, 'Navekar', 'Karishma', NULL),
(2388428, 'Alemany', 'Lucía', NULL),
(2388600, 'Fuller', 'Malcolm', NULL),
(2408703, 'Bakalova', 'Maria', NULL),
(2422766, 'Ortiz', 'Francisco', NULL),
(2424472, 'Gilbert', 'Chaleeda', NULL),
(2431035, 'Pakdeedumrongrit', 'Siriam', NULL),
(2437735, 'Jr.', 'Danny Boyd', NULL),
(2437843, 'Derbez', 'José Eduardo', NULL),
(2442185, 'Girdwood', 'Dani', NULL),
(2448601, 'Bravo', 'Verónica', NULL),
(2478464, 'Portlock', 'Martin', NULL),
(2488639, 'Green', 'Mark Anthony', NULL),
(2493847, 'Ray', 'Danny', NULL),
(2498631, 'Skylar', 'Taz', NULL),
(2504043, 'Ermito', 'Mario', NULL),
(2511949, 'Sieklucka', 'Anna-Maria', NULL),
(2527414, 'Wallace', 'Nicole', NULL),
(2536479, 'Bennett', 'Emily', NULL),
(2541980, 'Chávez', 'Paulina', NULL),
(2578704, 'Grant', 'Chelsey', NULL),
(2584916, 'Pierce', 'Eric', NULL),
(2604515, 'Myers', 'Emma', NULL),
(2613134, 'Ranarivelo', 'Mareva', NULL),
(2673762, 'Abela', 'Marisa', NULL),
(2680307, 'Hansen', 'Sebastian Eugene', NULL),
(2680806, 'Swope', 'Scott', NULL),
(2701435, 'Daniels', 'Ali', NULL),
(2714088, 'Ali', 'Maaz', NULL),
(2720083, 'Cooper', 'Jordan E.', NULL),
(2729190, 'Armstrong', 'Becky', NULL),
(2761308, 'Jonsson', 'David', NULL),
(2764542, 'Hoffman', 'Cooper', NULL),
(2784795, 'Nakamura', 'Genta', NULL),
(2786960, 'Guevara', 'Gabriel', NULL),
(2787720, 'Fullam', 'Elliott', NULL),
(2826434, 'Kapur', 'Abhishek', NULL),
(2832358, 'Felpin', 'Laura', NULL),
(2894698, 'Cister', 'Ariel', NULL),
(2939486, 'Morales', 'Mhack', NULL),
(2948491, 'Hottle', 'Kaylee', NULL),
(2978732, 'Cuervo', 'Hugo Martín', NULL),
(2984549, 'Jobling', 'Anna', NULL),
(3006937, 'Andrews', 'Christopher', NULL),
(3020876, 'Tallman', 'Kensington', NULL),
(3036942, 'Darayon', 'Thawatchanin', NULL),
(3051936, 'Eydelshteyn', 'Mark', NULL),
(3053616, 'Moran', 'Jacob', NULL),
(3090060, 'Susinna', 'Simone', NULL),
(3109530, 'Darmawan', 'Dito', NULL),
(3111266, 'Barrett', 'Benny', NULL),
(3115932, 'Wilde', 'Sophie', NULL),
(3146133, 'Jandreau', 'Jet', NULL),
(3186384, 'Ayudhya', 'Guntapat Kasemsan Na', NULL),
(3205360, 'Kase', 'Charity', NULL),
(3206654, 'Rüther', 'Torsten', NULL),
(3206656, 'Großmann', 'Luise', NULL),
(3222521, 'Feltre', 'Jonathan', NULL),
(3232669, 'Hill', 'Jude', NULL),
(3257962, 'O\'Brien', 'Colin', NULL),
(3279626, 'Mikawa', 'Haruna', NULL),
(3315248, 'Johnson', 'Callie', NULL),
(3327515, 'Chandran', 'Charithra', NULL),
(3362447, 'Ong', 'Van Allen', NULL),
(3371806, 'Guinto', 'Robb', NULL),
(3401898, 'Jenkins', 'Anthony B.', NULL),
(3435887, 'McGregor', 'Esther-Rose', NULL),
(3438693, 'Butler', 'Alex', NULL),
(3480304, 'Juana', 'Kaitlyn Santa', NULL),
(3499290, 'Banks', 'Asha', NULL),
(3513082, 'Andrada', 'Gabriela', NULL),
(3524227, 'Nava', 'Guillermo', NULL),
(3535991, 'Gutierrez-Riley', 'Miles', NULL),
(3537690, 'Labrador', 'Adrián', NULL),
(3564432, 'Staerck', 'Lauren', NULL),
(3602420, 'Priddy', 'Sarah', NULL),
(3603443, 'Calma', 'Juan', NULL),
(3626927, 'Lucero', 'Diego', NULL),
(3637814, 'Zem', 'Nina', NULL),
(3700455, 'Wardhana', 'Daffa', NULL),
(3742245, 'Dorsey', 'Kia', NULL),
(3775598, 'Liang', 'Callina', NULL),
(3805862, 'Thomas', 'Mabel', NULL),
(3844059, 'Firth', 'Matilda', NULL),
(3908342, 'Ismail', 'Imran', NULL),
(3912097, 'Broome', 'Matthew', NULL),
(3913173, 'Garcia', 'Aiko', NULL),
(3934769, 'Nemer', 'Thom', NULL),
(3947368, 'Kapaun', 'Denise Jelilcha', NULL),
(3950893, 'Carolino', 'Daniela', NULL),
(3953574, 'Rivas', 'Arianna', NULL),
(3957387, 'Amendoim', 'Isaac', NULL),
(3965802, 'Placito', 'Megan', NULL),
(3969912, 'Jackson', 'Rylan', NULL),
(3987675, 'Madigan', 'James', NULL),
(4012042, 'Dy', 'Apple', NULL),
(4040585, 'Green', 'Kit', NULL),
(4041888, 'DeSouza-Feighoney', 'Peter', NULL),
(4054348, 'Desmond', 'Alina', NULL),
(4074516, 'Sato', 'Shunsuke', NULL),
(4100666, 'Byambasuren', 'Batdelger', NULL),
(4105602, 'Ruiz', 'Eva', NULL),
(4127112, 'Porta', 'Celeste Dalla', NULL),
(4217537, 'Catinella', 'Andrea M.', NULL),
(4263930, 'Timmons', 'Jamie', NULL),
(4297209, 'Cordero', 'Martí', NULL),
(4301687, 'Pahariya', 'Veer', NULL),
(4338956, 'Tovmasyan', 'Vache', NULL),
(4348004, 'Sangchai', 'Sor', NULL),
(4356302, 'Lewis', 'Enva', NULL),
(4364710, 'Wattanayakun', 'Assaree', NULL),
(4374086, 'Hervás', 'Yaiza', NULL),
(4412043, 'Dias', 'Anna Júlia', NULL),
(4412045, 'Okabe', 'Davi', NULL),
(4412048, 'Dantas', 'Pedro', NULL),
(4412050, 'Oliveira', 'Lorena', NULL),
(4416903, 'Maday', 'Eddy', NULL),
(4461887, 'Danko', 'Valery', NULL),
(4497442, 'Byambajav', 'Bazarragchaa', NULL),
(4524084, 'Jr.', 'David G. Derrick', NULL),
(4534066, 'Erdenebileg', 'Purevjargal', NULL),
(4578477, 'Poquin', 'Carla', NULL),
(4597401, 'Russell', 'Malcolm', NULL),
(4615190, 'Puente', 'Eros de la', NULL),
(4631308, 'Matsumoto', 'Chiemi', NULL),
(4638786, 'Haidar', 'Zaen', NULL),
(4638787, 'Maas', 'Vienna', NULL),
(4688933, 'Gallaghar', 'Teresa', NULL),
(4766807, 'Saint', 'Mariane', NULL),
(4775908, 'Chung', 'Hualālai', NULL),
(4799721, 'Gallardo', 'Annabel', NULL),
(4799732, 'Stilman', 'Valeria', NULL),
(4799735, 'Recagno', 'Diego', NULL),
(4866792, 'Gonzaga', 'Skye', NULL),
(4889017, 'Reagan', 'Shayli', NULL),
(4891315, 'Barrientos', 'Gustavo', NULL),
(4891316, 'Correa', 'Mariana', NULL),
(4891317, 'Burecovics', 'Andrés', NULL),
(4910699, 'McCormack', 'Steven', NULL),
(4934349, 'Chuluundorj', 'Bilguun', NULL),
(4951683, 'Shibayama', 'Yohei', NULL),
(4982826, 'Agualada', 'Mianne', NULL),
(5010136, 'Grant', 'Michael', NULL),
(5010139, 'Anderson', 'Paul', NULL),
(5016435, 'Jabari', 'Mo', NULL),
(5072898, 'Oginome', 'Shouko', NULL),
(5100037, 'Calderon', 'Lucas Hopkins', NULL),
(5277217, 'Díaz', 'Alverto', NULL),
(5277218, 'Arreghini', 'Marina', NULL),
(5332409, 'Hornigold', 'Graham', NULL),
(5349531, 'Vera', 'Roxanne De', NULL);

-- --------------------------------------------------------

--
-- Structure de la table `film`
--

DROP TABLE IF EXISTS `film`;
CREATE TABLE IF NOT EXISTS `film` (
  `titre` varchar(100) NOT NULL,
  `annee` int(11) NOT NULL,
  `id_realisateur` int(11) DEFAULT NULL,
  `resume` text DEFAULT NULL,
  `code_pays` varchar(4) DEFAULT NULL,
  PRIMARY KEY (`titre`),
  KEY `film_ibfk_1` (`id_realisateur`),
  KEY `film_ibfk_2` (`code_pays`)
) ENGINE=InnoDB;

--
-- Déchargement des données de la table `film`
--

INSERT INTO `film` (`titre`, `annee`, `id_realisateur`, `resume`, `code_pays`) VALUES
('365 jours : Au lendemain', 2022, 1192152, 'On retrouve Laura et Massimo dans une histoire plus torride que jamais. Mais leur nouvelle vie va être chamboulée par les liens familiaux de Massimo et l\'irruption d\'un mystérieux étranger déterminé à conquérir le cœur de Laura et à gagner sa confiance, quel que soit le prix à payer.', 'PL'),
('À contre-sens', 2023, 1739102, 'Noah doit quitter sa ville, son petit ami et ses amis pour emménager dans le manoir de William Leister, le nouveau et riche mari de sa mère. Âgée de dix-sept ans, fière et indépendante, Noah rencontre Nick, son nouveau demi-frère, et leurs fortes personnalités s’entrechoquent dès le début. Noah découvre bientôt que derrière l\'image d\'un fils modèle, Nick cache une vie de bagarre, de jeu et de courses automobiles illégales. Malgré l\'abîme qui les sépare, tous deux commencent à ressentir une attirance irrésistible qui se transformera bientôt en feu et en folle passion. Ni la rivalité permanente, ni l\'opposition de leur entourage ne peuvent les empêcher de tomber secrètement et follement amoureux. Mais le présent turbulent de Nick et le passé orageux de Noah mettront à l\'épreuve leur vie et leur amour interdit.', 'ES'),
('À contre-sens 2', 2024, 1739102, 'La relation entre Noah et Nick semble plus forte que jamais, malgré la volonté de leurs parents de les séparer. Mais avec son travail et son entrée à la fac, de nouvelles perspectives amoureuses feront trembler les fondations de leur relation et celles des Leister. Si tout le monde est prêt à détruire une relation, aura-t-on droit à une fin heureuse ?', 'ES'),
('À contre-sens : Londres', 2025, 2442185, 'Noah, 18 ans, quitte l\'Amérique pour s\'installer à Londres avec sa mère qui vient de tomber amoureuse de William, un riche homme d\'affaires britannique. Noah rencontre le fils de William, le rebelle Nick, et découvre qu\'il existe entre eux une attirance indéniable. Noah passe l\'été à s\'adapter à sa nouvelle vie, mais son lourd passé va la rattraper au cœur de cette première idylle.', 'EN'),
('A Working Man', 2025, 19769, 'Levon Cade est un criminel repenti. Aujourd\'hui, il travaille dans le bâtiment. Bientôt, la fille de son patron, Jenny, disparaît, il est appelé à réutiliser les compétences qui ont fait de lui une figure légendaire dans le monde des opérations secrètes.', 'EN'),
('Absolution', 2024, 95972, 'Ancien boxeur, Thug travaille depuis plus de trente ans comme homme de main pour un bandit de Boston et s\'occupe notamment de la perception de dettes auprès de ses clients. Une consultation chez un médecin spécialiste lui révèle qu\'il souffre d\'encéphalopathie traumatique chronique. Se sentant impuissant devant sa mémoire qui décline, il cherche à reprendre contact avec ses enfants, dont sa fille Daisy, jeune mère de famille monoparentale, qui se montre réticente à renouer avec ce père absent.', 'EN'),
('Alarum', 2025, 41887, 'Joe et Lara Travers, deux assassins amoureux, sont témoins d\'un accident d\'avion et récupèrent une clé USB dans l\'appareil accidenté. Ils découvrent que le contenu va mettre toutes les agences de renseignement du monde à leurs trousses, y compris Chester, un agent de la CIA au sang froid, qui a été envoyé pour les assassiner.', 'EN'),
('Alexander et son voyage épouvantablement terrible et affreux', 2025, 2342683, 'Les vacances en famille d\'Alexander tournent mal quand ils découvrent une terrible malédiction.', 'EN'),
('Alien : Romulus', 2024, 932248, 'Quelques années après les événements sur le vaisseau Nostromo, un groupe de jeunes colons de l\'espace travaillent en tant que mineurs dans l\'espoir de rejoindre une autre planète verdoyante, Yvaga. Un des membres propose d\'utiliser une station spatiale abandonnée en orbite autour de leur planète actuelle afin de se rendre sur Yvaga. Cependant, ils se retrouvent face-à-face avec la forme de vie la plus terrifiante de l\'univers alors qu\'ils fouillent les profondeurs de cette station.', 'EN'),
('Amaran', 2024, 1670825, 'Amaran est un film biographique qui retrace la vie personnelle et professionnelle du soldat Mukund Varadarajran, lauréat du prix AC, qui a été tué lors de l\'opération Qazipathri à Shopian, le 25 avril 2014.', 'TA'),
('Anastasia', 1953, NULL, '', 'EN'),
('Anora', 2024, 118415, 'Anora, jeune travailleuse du sexe de Brooklyn, se transforme en Cendrillon des temps modernes lorsqu’elle rencontre le fils d’un oligarque russe. Sans réfléchir, elle épouse avec enthousiasme son prince charmant ; mais lorsque la nouvelle parvient en Russie, le conte de fées est vite menacé : les parents du jeune homme partent pour New York avec la ferme intention de faire annuler le mariage…', 'EN'),
('Apocalypse Z : le début de la fin', 2024, 1017209, 'Lorsqu\'une sorte de rage qui transforme les gens en créatures agressives se répand sur la planète, Manel s\'isole chez lui avec son chat, ne comptant que sur son intelligence pour survivre. Mais bientôt, ils doivent partir à la recherche de nourriture, par terre et par mer, en esquivant de nombreux dangers.', 'ES'),
('Avatar', 2009, 2710, 'Un marine paraplégique, envoyé sur la lune Pandora pour une mission unique, est tiraillé entre suivre ses ordres et protéger le monde qu\'il considère dorénavant comme le sien.', 'EN'),
('Avatar : La Voie de l\'eau', 2022, 2710, 'Une dizaine d\'années s\'est écoulée depuis les précédents évènements survenus sur Pandora. Jake Sully et Neytiri sont devenus parents. Leur vie idyllique, proche de la nature, est menacée lorsque la « Ressources Développement Administration », dangereuse organisation non-gouvernementale, est de retour sur Pandora. Contraints de quitter leur habitat naturel, Jake et sa famille se rendent sur les récifs, où ils pensent trouver asile. Mais ils tombent sur un clan, les Metkayina, aux mœurs différentes des leurs.', 'EN'),
('Avengers', 2012, 12891, 'Lorsque la sécurité et l’équilibre de la planète sont menacés par un ennemi d’un genre nouveau, Nick Fury, le directeur du SHIELD, l’agence internationale du maintien de la paix, réunit une équipe pour empêcher le monde de basculer dans le chaos. Partout sur Terre, le recrutement des nouveaux héros dont le monde a besoin commence…', 'EN'),
('Avengers : Infinity War', 2018, 19272, 'Les Avengers et leurs alliés devront être prêts à tout sacrifier pour neutraliser le redoutable Thanos avant que son attaque éclair ne conduise à la destruction complète de l’univers.', 'EN'),
('Babygirl', 2024, 39847, 'Romy, PDG d’une grande entreprise, a tout pour être heureuse : un mari aimant, deux filles épanouies et une carrière réussie. Mais un jour, elle rencontre un jeune stagiaire dans la société qu’elle dirige à New York. Elle entame avec lui une liaison torride, quitte à tout risquer pour réaliser ses fantasmes les plus enfouis…', 'EN'),
('Back in Action', 2025, 71600, 'Quinze ans après s\'être éclipsés de la CIA pour fonder une famille, Matt et Emily, espions d\'élite, replongent dans le monde de l\'espionnage lorsque leur couverture est compromise.', 'EN'),
('Back to Business', 2025, 55081, 'Un agent immobilier est ramené dans la vie qu\'il avait laissée derrière lui quand son ancien complice réapparaît avec un message inquiétant. Avec son frère, un caïd du crime, aussi à ses trousses, il doit affronter son passé et une histoire qu\'il n\'a jamais vraiment enterrée.', 'EN'),
('Bad Boys : Ride or Die', 2024, 1399841, 'Le détective de Miami Mike Lowrey apprend que son ex-supérieur à l\'escouade anti-drogue, le défunt capitaine Howard, aurait reçu des centaines de millions de dollars de la part des cartels mexicains. Avec son coéquipier et ami Marcus Burnett, Mike entreprend de blanchir la réputation de Howard. Or, le meurtrier du capitaine, le trafiquant Armando Aretas, est le seul à pouvoir identifier le véritable traître au sein des forces de police de Miami. Et puisque le repenti Armando est également le fils de Mike, ce dernier obtient qu\'il soit temporairement libéré de prison pour participer à l\'enquête. Mais ce faisant, Marcus, Mike et son fils se retrouvent à leur tour compromis par le chef des conspirateurs, qui lance des chasseurs de primes à leurs trousses.', 'EN'),
('Barbie', 2023, 45400, 'Parallèlement au réel, il existe La Land, un monde parfait où les poupées Barbie vivent joyeusement, persuadées d\'avoir rendu les filles humaines heureuses. Mais un jour, une Barbie commence à se poser des questions et à devenir humaine. Sur les conseils d\'une Barbie étrange, elle part pour le monde réel afin de retrouver la fille à laquelle elle appartenait afin de pouvoir retrouver sa perfection. Dans sa quête, elle est accompagnée par un Ken fou amoureux d\'elle qui va également trouver un sens à sa vie dans le monde réel…', 'EN'),
('Bastion 36', 2025, 52342, 'Contraint de quitter la BRI, un policier tourmenté décide de mener sa propre enquête quand ses anciens équipiers sont victimes d\'une série de meurtres.', 'FR'),
('Blade Runner 2049', 2017, 137427, 'En 2049, la société est fragilisée par les nombreuses tensions entre les humains et leurs esclaves créés par bioingénierie. L’officier K est un Blade Runner : il fait partie d’une force d’intervention d’élite chargée de trouver et d’éliminer ceux qui n’obéissent pas aux ordres des humains. Lorsqu’il découvre un secret enfoui depuis longtemps et capable de changer le monde, les plus hautes instances décident que c’est à son tour d’être traqué et éliminé. Son seul espoir est de retrouver Rick Deckard, un ancien Blade Runner qui a disparu depuis des décennies…', 'EN'),
('Blanche Neige', 2025, 87742, 'Une version en prises de vues réelles du classique Disney \"Blanche-Neige et les sept nains\".', 'EN'),
('Bloat', 2025, 1693162, 'Après qu\'une jeune garçon a frôlé la mort par noyade, sa famille découvre avec horreur qu\'il est possédé par un démon légendaire venu des profondeurs du lac et que le pire reste à venir.', 'EN'),
('Captain America : Brave New World', 2025, 1301933, 'Après avoir rencontré le président américain nouvellement élu Thaddeus Ross, Sam se retrouve au milieu d’un incident international. Il doit découvrir la raison derrière un complot mondial infâme avant que le véritable cerveau de l’opération ne fasse voir rouge au monde entier.', 'EN'),
('Carjackers', 2025, 1914386, 'Le jour, ils sont invisibles: voituriers, hôtesses, barmen dans des palaces. La nuit, ils deviennent les Carjackers, des pilotes hors pair qui dépouillent les clients fortunés sur la route. Alors qu’ils préparent leur ultime braquage, une directrice d’hôtel engage Elias, tueur à gages impitoyable, pour les arrêter. Face au danger, Nora, Zoé, Steve et Prestance réussiront-ils leur dernier coup?', 'FR'),
('Carry-On', 2024, 59521, 'La veille de Noël, un agent de sécurité fonce pour déjouer les plans d\'un mystérieux voyageur qui le force à laisser passer un objet dangereux.', 'EN'),
('Chico Bento e a Goiabeira Maraviosa', 2025, 1268900, '', 'PT'),
('Cleaner', 2025, 10702, 'Lors d\'un gala d\'entreprise très médiatisé, un groupe de terroristes lourdement armés prend le contrôle de 300 otages. À leur insu, une laveuse de vitres solitaire est témoin du crime en cours et, en fin de compte, c\'est une ancienne soldat, douée pour le combat au corps à corps et les armes à feu.', 'EN'),
('Coco', 2017, 8, 'Depuis déjà plusieurs générations, la musique est bannie dans la famille de Miguel. Un vrai déchirement pour le jeune garçon dont le rêve ultime est de devenir un musicien aussi accompli que son idole, Ernesto de la Cruz. Bien décidé à prouver son talent, Miguel, par un étrange concours de circonstances, se retrouve propulsé dans un monde étonnant et coloré lié aux célébrations des ancêtres. Là, il se lie d’amitié avec Hector, un gentil garçon mais un peu filou sur les bords. Ensemble, ils vont accomplir un voyage extraordinaire qui leur révèlera la véritable histoire qui se cache derrière celle de la famille de Miguel…', 'EN'),
('Companion', 2025, 1087245, 'La mort d\'un milliardaire déclenche une série d\'événements pour Iris et ses amis lors d\'un week-end dans sa propriété au bord d\'un lac.', 'EN'),
('Conclave', 2024, 221522, 'Le Cardinal Lawrence est chargé de gérer ce processus confidentiel après la mort inattendue du Pape bien-aimé. Lorsque tous les dirigeants les plus puissants de l’Église Catholique sont réunis et enfermés dans le Vatican, Lawrence se retrouve au centre d’une conspiration et découvre un secret qui pourrait changer à jamais l’institution religieuse.', 'EN'),
('Contre-attaque', 2025, 964826, 'Chargés de libérer des otages, le capitaine Guerrero et ses soldats d\'élite se font un nouvel ennemi et sont pris dans une embuscade tendue par un groupe de criminels.', 'ES'),
('Control Freak', 2025, 2081329, 'Une conférencière motivatrice, en proie à une démangeaison incontrôlable sur la tête, est infectée par un démon parasite de son pays d\'origine.', 'EN'),
('Coraline', 2009, 57646, 'Coraline Jones est une fillette intrépide et douée d’une curiosité sans limites. Ses parents, qui ont tout juste emménagé avec elle dans une étrange maison, n’ont guère de temps à lui consacrer. Pour tromper son ennui, Coraline décide donc de jouer les exploratrices. Ouvrant une porte condamnée, elle pénètre dans un appartement identique au sien… mais où tout est différent. Dans cet Autre Monde, chaque chose lui paraît plus belle, plus colorée et plus attrayante. Son Autre Mère est pleinement disponible, son Autre Père prend la peine de lui mitonner des plats exquis, et même le Chat, si hautain dans la Vraie vie, daigne s’entretenir avec elle. Coraline est bien tentée d’élire domicile dans ce Monde merveilleux, qui répond à toutes ses attentes. Mais le rêve va très vite tourner au cauchemar. Prisonnière de l’Autre Mère, Coraline va devoir déployer des trésors de bravoure, d’imagination et de ténacité pour rentrer chez elle et sauver sa Vraie famille…', 'EN'),
('Cosmic Chaos', 2023, NULL, '', 'EN'),
('Dalia y el libro rojo', 2024, 1063331, '', 'ES'),
('Dark Match', 2024, 1076066, 'Une petite compagnie de lutte accepte un contrat bien rémunéré dans une ville de l\'arrière-pays, mais elle apprend trop tard que la communauté est dirigée par un mystérieux chef de secte qui a des plans diaboliques pour leur match.', 'EN'),
('Deadpool & Wolverine', 2024, 17825, 'Un Wade Wilson désabusé s\'abrutit de travail dans le civil. Sa vie de mercenaire moralement flexible, Deadpool, est derrière lui. Mais quand son monde est menacé d\'anéantissement, il accepte à contrecœur de reprendre le flambeau, et de convaincre un Wolverine non moins contre-cœureux... contre-cordial ? Contre-cardiaque ? Il doit le convaincre de... ah, laisse tomber, va voir le film. Un synopsis, c\'est débile. Mais entends l\'avertissement : des flashs lumineux dans l\'image pourraient affecter les spectateurs photosensibles.', 'EN'),
('Demain est un autre jour', 2025, 16328, 'Encouragée par sa mère à réaliser sa liste d\'objectifs et de rêves d\'adolescente, une jeune femme perce des secrets de famille, rencontre l\'amour et se redécouvre.', 'EN'),
('Destination finale : Bloodlines', 2025, 1181022, 'Stefani, 18 ans, fait d’affreux cauchemars. Dans ceux-ci, elle voit sa grand-mère échapper à la mort dans un accident qui aurait dû la tuer il y a 50 ans. Son ancêtre a réussi alors à esquiver le décès jusqu’à l’âge de 80 ans ou elle meurt de façon naturelle. À cause de ce miracle, toute sa descendance doit quelque chose à la mort.', 'EN'),
('Devara: Partie 1', 2024, 1168111, '', 'TE'),
('Dirty Angels', 2024, 10702, 'Lorsque des étudiantes sont prises en otage en Afghanistan, Jake, une combattante des forces spéciales américaines, rejoint un commando composé uniquement de femmes pour les libérer. Le plan : gagner la confiance des terroristes en se faisant passer pour les membres d’une organisation humanitaire. Mais les fantômes du passé de Jake la trahissent et mettent en péril le succès de cette mission sans retour.', 'EN'),
('Dog Man', 2025, 64149, 'Un policier et son chien sont blessés au cours d\'une intervention. Une opération chirurgicale qui leur sauve la vie change ensuite le cours de l\'histoire avec la naissance de Dog Man. Mi-chien, mi-homme, Dog Man poursuit alors avec acharnement son ennemi juré : le méchant félin Petey.', 'EN'),
('Dune', 2021, 137427, 'L\'histoire de Paul Atreides, jeune homme aussi doué que brillant, voué à connaître un destin hors du commun qui le dépasse totalement. Car, s\'il veut préserver l\'avenir de sa famille et de son peuple, il devra se rendre sur Dune, la planète la plus dangereuse de l\'Univers. Mais aussi la seule à même de fournir la ressource la plus précieuse capable de décupler la puissance de l\'Humanité. Tandis que des forces maléfiques se disputent le contrôle de cette planète, seuls ceux qui parviennent à dominer leur peur pourront survivre…', 'EN'),
('Dune : Deuxième partie', 2024, 137427, 'Le voyage mythique de Paul Atreides qui s\'allie à Chani et aux Fremen dans sa quête de vengeance envers les conspirateurs qui ont anéanti sa famille. Devant choisir entre l\'amour de sa vie et le destin de l\'univers, il fera tout pour éviter un terrible futur que lui seul peut prédire.', 'EN'),
('Elevation', 2024, 1921, 'Les survivants d’une invasion extra-terrestre mortelle par des créatures monstrueuses vivent une existence primitive dans les hauteurs des Montagnes Rocheuses postapocalyptiques. C’est le seul endroit où ils sont saufs, les monstres ne montent pas au-delà de 2500 mètres d’altitude pour une raison inexpliquée. Lorsqu’un père découvre qu’il ne reste que très peu des médicaments dont son fils a besoin, il doit quitter les montagnes et leur sécurité pour trouver un nouveau stock avant que son fils ne meure. Deux femmes courageuses l’accompagnent dans cette mission dangereuse en basse altitude.', 'EN'),
('Elli and the Ghostly Ghost Train', 2024, 58269, '', 'DE'),
('Fast & Furious X', 2023, 18865, 'Après bien des missions et contre toute attente, Dom Toretto et sa famille ont su déjouer, devancer, surpasser et distancer tous les adversaires qui ont croisé leur route. Ils sont aujourd’hui face à leur ennemi le plus terrifiant et le plus intime : émergeant des brumes du passé, ce revenant assoiffé de vengeance est bien déterminé à décimer la famille en réduisant à néant tout ce à quoi, et surtout à qui Dom ait jamais tenu.', 'EN'),
('Fight Club', 1999, 7467, 'Le narrateur, sans identité précise, vit seul, travaille seul, dort seul, mange seul ses plateaux‐repas pour une personne comme beaucoup d’autres personnes seules qui connaissent la misère humaine, morale et sexuelle. C’est pourquoi il va devenir membre du Fight club, un lieu clandestin où il va pouvoir retrouver sa virilité, l’échange et la communication. Ce club est dirigé par Tyler Durden, une sorte d’anarchiste entre gourou et philosophe qui prêche l’amour de son prochain.', 'EN'),
('Fight or Flight', 2025, 3987675, 'Un mercenaire doit retrouver une cible à bord d\'un avion, mais il doit la protéger lorsqu\'ils sont entourés de gens qui essaient de les tuer tous les deux.', 'EN'),
('Flow, le chat qui n\'avait plus peur de l\'eau', 2024, 1328012, 'Un chat se réveille dans un univers envahi par l’eau où toute vie humaine semble avoir disparu. Il trouve refuge sur un bateau avec un groupe d’autres animaux. Mais s’entendre avec eux s’avère un défi encore plus grand que de surmonter sa peur de l\'eau ! Tous devront désormais apprendre à surmonter leurs différences et à s’adapter au nouveau monde qui s’impose à eux.', 'LV'),
('Frogman', 2024, 1673258, 'Un cinéaste amateur, qui a du mal à faire de sa passion un métier, rentre chez lui à Loveland avec des amis. Tous sont déterminés à obtenir la preuve irréfutable de l\'existence du légendaire Frogman.', 'EN'),
('Ghost Game', 2024, 1483664, '', 'EN'),
('Girl Play', 2004, 994163, 'Robin est en couple depuis six ans. Lacie passe d\'une aventure à une autre. Toutes deux lesbiennes, elles se rencontrent sur une pièce de théâtre pour jouer... deux lesbiennes. Alors que tout les oppose, le metteur en scène de la pièce tente de créer une alchimie entre elles lors des répétitions... et ça marche. Le soir de la première, Lacie et Robin laissent libre cours à leur désir. Pour le pire et pour le meilleur...', 'EN'),
('Giro final', 2025, 589003, '', 'ES'),
('Gladiator', 2000, 578, 'Le général romain Maximus est le plus fidèle soutien de l\'empereur Marc Aurèle, qu\'il a conduit de victoire en victoire avec une bravoure et un dévouement exemplaires. Jaloux du prestige de Maximus, et plus encore de l\'amour que lui voue l\'empereur, le fils de Marc Aurèle, Commode, s\'arroge brutalement le pouvoir, puis ordonne l\'arrestation du général et son exécution. Maximus échappe à ses assassins mais ne peut empêcher le massacre de sa famille. Capturé par un marchand d\'esclaves, il devient gladiateur et prépare sa vengeance.', 'EN'),
('Gladiator II', 2024, 578, 'Des années après avoir assisté à la mort du héros vénéré Maximus aux mains de son oncle, Lucius est forcé d\'entrer dans le Colisée lorsque son pays est conquis par les empereurs tyranniques qui gouvernent désormais Rome d\'une main de fer. La rage au cœur et l\'avenir de l\'Empire en jeu, Lucius doit se tourner vers son passé pour trouver la force et l\'honneur de rendre la gloire de Rome à son peuple.', 'EN'),
('Godzilla x Kong : Le Nouvel Empire', 2024, 98631, 'Le surpuissant Kong et le redoutable Godzilla sont opposés à une force colossale terrée dans notre monde, qui menace leur existence et la nôtre. \"Godzilla x Kong : Le nouvel empire\" approfondit l\'histoire de ces titans et leurs origines, ainsi que les mystères de Skull Island et au-delà, tout en levant le voile sur la bataille mythique qui a forgé ces êtres extraordinaires et les a liés à l\'humanité à jamais.', 'EN'),
('Harry Potter à l\'école des sorciers', 2001, 10965, 'Orphelin, le jeune Harry Potter peut enfin quitter ses tyranniques oncle et tante Dursley lorsqu\'un curieux messager lui révèle qu\'il est un sorcier. À 11 ans, Harry va enfin pouvoir intégrer la légendaire école de sorcellerie de Poudlard, y trouver une famille digne de ce nom et des amis, développer ses dons, et préparer son glorieux avenir.', 'EN'),
('Harry Potter et la Chambre des secrets', 2002, 10965, 'Après de très mauvaises vacances passées chez ses odieux oncle et tante et son affreux cousin, Harry rejoint, non sans mal, l\'École des Sorciers où, avec ses amis Ron et Hermione et l\'aide ponctuelle de nouveaux venus, il parvient à élucider le mystère de la Chambre des secrets, malgré les pièges tendus par ses ennemis et sans le concours de Lockhart, un nouveau professeur fanfaron et lâche, chargé pourtant de vaincre les Forces du Mal.', 'EN'),
('Harry Potter et la Coupe de feu', 2005, 10723, 'La quatrième année à l’école de Poudlard est marquée par le « Tournoi des trois sorciers ». Les participants sont choisis par la fameuse « Coupe de feu » qui est à l’origine d’un scandale. Elle sélectionne Harry Potter alors qu’il n’a pas l’âge légal requis ! Accusé de tricherie et mis à mal par une série d’épreuves physiques de plus en plus difficiles, ce dernier sera enfin confronté à Celui dont on ne doit pas prononcer le nom, Lord V.', 'EN'),
('Hellhound', 2024, 1805075, 'Loreno, un tueur à gages d\'élite, est sur le point de prendre sa retraite et laisser son passé derrière lui. Lorsqu\'une vieille connaissance lui propose une dernière mission censée être simple, il accepte l\'offre et se rend à Bangkok pour neutraliser un caïd local. Une fois sur place, une erreur de jugement va lui coûter cher et l\'entraîner dans une violente spirale infernale.', 'EN'),
('Henry Danger : Le Film', 2025, 145221, 'Après avoir quitté Swellview, Henry devient le héros local de Dystopia. Alors que la célébrité commence à peser sur lui, il rencontre Missy Martin, une superfan enthousiaste désireuse de combattre le crime à ses côtés. Missy entre en possession d\'un appareil capable d\'ouvrir des réalités alternatives, entraînant Henry et son meilleur ami Jasper dans une aventure à travers différentes dimensions. Ils doivent trouver un moyen de revenir à Dystopia, sous peine de rester coincés dans une autre dimension pour toujours.', 'EN'),
('Heretic', 2024, 1317685, 'Deux jeunes missionnaires mormones se rendent chez M. Reed, un homme excentrique, pour prêcher et tenter de le convertir. Ce dernier va cependant s\'avérer bien plus dangereux qu\'elles n\'auraient pu l\'imaginer.', 'EN'),
('Holland', 2025, 1675644, 'Nancy Vandergroot, enseignante méticuleuse et mère au foyer dont la vie parfaite avec son mari, pilier de la communauté, et son fils à Holland, Michigan, dans la région des tulipes, se mue en histoire tortueuse. Nancy et son collègue découvrent un secret, et comprennent que les apparences sont trompeuses.', 'EN'),
('Hotel Desire', 2011, 45689, 'Depuis la naissance de son petit garçon de huit ans, Antonia est une mère avant tout. Sa vie de femme est inexistante. Elle est divorcée et n\'a plus eu d\'homme dans sa vie. Elle travaille dans un hôtel, où elle écoute les conversations de ses collègues. Elle vit ainsi sa vie sexuelle par procuration. Antonia est déprimée. Mais aujourd\'hui est un jour différent car elle va croiser un homme pas comme les autres...', 'DE'),
('Inception', 2010, 525, 'Dom Cobb est un voleur expérimenté, le meilleur dans l\'art dangereux de l\'extraction, voler les secrets les plus intimes enfouis au plus profond du subconscient durant une phase de rêve, lorsque l\'esprit est le plus vulnérable. Les capacités de Cobb ont fait des envieux dans le monde tourmenté de l\'espionnage industriel alors qu\'il devient fugitif en perdant tout ce qu\'il a un jour aimé. Une chance de se racheter lui est alors offerte. Une ultime mission grâce à laquelle il pourrait retrouver sa vie passée mais uniquement s\'il parvient à accomplir l\'impossible inception.', 'EN'),
('Interstellar', 2014, 525, 'Dans un futur proche, face à une Terre exsangue, un groupe d’explorateurs utilise un vaisseau interstellaire pour franchir un trou de ver permettant de parcourir des distances jusque‐là infranchissables. Leur but : trouver un nouveau foyer pour l’humanité.', 'EN'),
('John Wick : Chapitre 4', 2023, 40644, 'John Wick affronte ses adversaires les plus redoutables dans ce quatrième volet de la série.  De New York à Osaka, en passant par Paris et Berlin, John Wick mène un combat contre la Grande Table, la terrible organisation criminelle qui a mis sa tête à prix, en affrontant ses tueurs les plus dangereux...', 'EN'),
('Kiskisan', 2024, 2144356, '', 'TL'),
('Kraven the Hunter', 2024, 556172, 'Lors d\'un safari avec son père Nikolai, un oligarque russe dont la cruauté a jadis poussé sa mère au suicide, Sergei Kravinoff est attaqué par un lion, qui vient très près de le tuer. La potion miraculeuse de Calypso, une prêtresse vaudou, permet non seulement au garçon de survivre ; elle lui confère aussi une force surhumaine et un nouvel objectif : protéger la nature des braconniers et des criminels de toutes sortes. Élevé au titre de \"chasseur\", ses faits d’armes attirent rapidement l’attention d’un assassin redoutable, dont les pouvoirs sont comparables aux siens : le Rhino.', 'EN'),
('Kung Fu Panda 4', 2024, 64151, 'Après trois aventures dans lesquelles le guerrier dragon Po a combattu les maîtres du mal les plus redoutables grâce à un courage et des compétences en arts martiaux inégalés, le destin va de nouveau frapper à sa porte pour l\'inviter à enfin se reposer. Plus précisément, pour être nommé chef spirituel de la vallée de la Paix.', 'EN'),
('L\'Infirmière de nuit', 1979, 146996, 'Un vieil escroc a partagé la cellule d\'un truand qui, sur son lit de mort lui a avoué avoir planqué un gros diamant chez sa nièce. Une fois libéré, l\'escroc débarque chez la la nièce en se faisant passer pour le truand qu\'elle n\'a pas vu depuis son enfance. Le type se prétend mourant et riche. La nièce et son mari l\'installent chez eux. Ils engagent une infirmière pour le veiller la nuit. L\'infirmière qui ressemble plus à une playmate qu\'à Mère Thérésa va semer le trouble dans la maison...', 'IT'),
('L\'Ultime braquage', 2024, 1879020, 'Une équipe de braqueurs chevronnés prépare méticuleusement un gros coup. Un braquage rapide, brutal, sans bavure et sans trace. Mais une erreur va tout changer. Il faut tout abandonner, disparaître. Maintenant.', 'DA'),
('La cugina', 1974, 41092, '', 'IT'),
('La duplicité de Tyler Perry', 2025, 80602, 'Marley, éminente avocate, est confrontée à son affaire la plus personnelle lorsqu\'elle est chargée de découvrir la vérité sur le meurtre du mari de Fela, sa meilleure amie. Avec l\'aide de son petit ami, un ancien flic reconverti en détective privé, Marley cherche à comprendre ce qui s\'est réellement passé et se retrouve piégée dans un dédale de tromperies et de trahisons.', 'EN'),
('La Liste de Schindler', 1993, 488, 'Évocation des années de guerre d’Oskar Schindler, fils d’industriel d’origine autrichienne rentré à Cracovie en 1939 avec les troupes allemandes. Il va, tout au long de la guerre, protéger des juifs en les faisant travailler dans sa fabrique et en 1944 sauver 800 hommes et 300 femmes du camp d’extermination d’Auschwitz‐Birkenau.', 'EN'),
('La Nuit se traîne', 2024, 2184226, 'Ce soir-là, Mady, étudiant le jour et serrurier la nuit, voit sa vie basculer quand il ouvre la mauvaise porte et devient accidentellement complice d\'une affaire de grand banditisme. Au cœur d’une ville en pleine ébullition, Mady n\'a qu\'une nuit pour se tirer d\'affaires et retrouver la trace de Claire, celle qui a trahi sa confiance. Le compte à rebours est lancé…', 'FR'),
('Le Château ambulant', 2004, 608, 'La jeune Sophie, âgée de 18 ans, travaille sans relâche dans la boutique de chapelier que tenait son père avant de mourir. Lors de l’une de ses rares sorties en ville, elle fait la connaissance de Hauru le Magicien. Celui‐ci est extrêmement séduisant, mais n’a pas beaucoup de caractère… Se méprenant sur leur relation, une sorcière jette un épouvantable sort sur Sophie et la transforme en vieille femme de 90 ans. Accablée, Sophie s’enfuit et erre dans les terres désolées. Par hasard, elle pénètre dans le Château Ambulant de Hauru et, cachant sa véritable identité, s’y fait engager comme femme de ménage. Cette « vieille dame » aussi mystérieuse que dynamique va bientôt redonner une nouvelle vie à l’ancienne demeure. Plus énergique que jamais, Sophie accomplit des miracles. Quel fabuleux destin l’attend  ? Et si son histoire avec Hauru n’en était qu’à son véritable commencement  ?', 'JA'),
('Le Clan des bêtes', 2025, 3006937, 'Un berger irlandais est entraîné dans un conflit violent avec une ferme voisine lorsque ses moutons sont massacrés par des hommes inconnus.', 'EN'),
('Le Clitoris', 2016, 1711359, '', 'FR'),
('Le Jardinier', 2025, 78226, 'Chaque année, le Premier ministre fait éliminer une liste de gêneurs au nom de la raison d’État. Bien malgré lui, le nom de Serge Shuster, conseiller spécial à la présidence, s’y retrouve. Lui et sa famille sont condamnés à une mort certaine. Mais ce que tout le monde ignore, c’est que les Shuster ont un nouveau jardinier, Léo, qui par le passé n’a pas cisaillé que des haies.', 'FR'),
('Le Labyrinthe', 2014, 1179066, 'Thomas, 16 ans, se réveille dans un ascenseur. Il ne sait plus qui il est ni d\'où il vient, et ne semble se rappeler que de son prénom. Lorsque l\'ascenseur s\'ouvre, il est accueilli par d\'autres garçons de son âge dans la clairière, un monde mystérieux entouré par un labyrinthe impénétrable, et où personne ne sait pourquoi il est là.', 'EN'),
('Le Monde de Narnia : Le Lion, la sorcière blanche et l\'armoire magique', 2005, 5524, 'Le Monde de Narnia : chapitre 1 conte la lutte entre le bien et le mal qui oppose le magnifique lion Aslan aux forces des ténèbres dans le monde magique de Narnia. Grâce à ses sombres pouvoirs, la Sorcière Blanche a plongé Narnia dans un hiver qui dure depuis un siècle, mais une prédiction révèle que quatre enfants aideront Aslan à rompre la malédiction. Lorsque Lucy, Susan, Edmund et Peter Pevensie, quatre frères et sœurs, découvrent ce monde enchanté en y pénétrant à travers une armoire, tout est en place pour une bataille de proportions épiques…', 'EN'),
('Le Parrain', 1972, 1776, 'La Seconde Guerre mondiale vient de s\'achever. À New York, le « parrain » Don Corleone, l\'un des chefs respectés de la mafia, se sent vieillir. Il refuse de s\'adapter à son temps et de se lancer, comme ses pairs, dans le trafic de drogue. Une frilosité qui entrave la bonne marche des affaires des autres « familles » et qui lui vaut d\'être la cible d\'un attentat. Don Corleone survit à ses blessures, mais reste très diminué. Mike, son plus jeune fils, qui jusque-là se tenait à l\'écart des affaires de son père, devient le plus dévoué de ses héritiers. Plus efficace que ses frères, Sonny et Fredo, il venge son père et organise l\'élimination de ses adversaires…', 'EN'),
('Le Robot sauvage', 2024, 66193, 'L’incroyable épopée d\'un robot -- l\'unité ROZZUM 7134 alias \"Roz\" -- qui après avoir fait naufrage sur une île déserte doit apprendre à s\'adapter à un environnement hostile en nouant petit à petit des relations avec les animaux de l\'île. Il finit par adopter le petit d’une oie, un oison, qui se retrouve orphelin.', 'EN'),
('Le Roi Lion', 2019, 15277, 'Au fond de la savane africaine, tous les animaux célèbrent la naissance de Simba, leur futur roi. Les mois passent. Simba idolâtre son père, le roi Mufasa, qui prend à cœur de lui faire comprendre les enjeux de sa royale destinée. Mais tout le monde ne semble pas de cet avis. Scar, le frère de Mufasa, l\'ancien héritier du trône, a ses propres plans. La bataille pour la prise de contrôle de la Terre des Lions est ravagée par la trahison, la tragédie et le drame, ce qui finit par entraîner l\'exil de Simba. Avec l\'aide de deux nouveaux amis, Timon et Pumbaa, le jeune lion va devoir trouver comment grandir et reprendre ce qui lui revient de droit.', 'EN'),
('Le Seigneur des anneaux : La Communauté de l\'anneau', 2001, 108, 'Le jeune hobbit Frodon Sacquet hérite d\'un anneau. Il s\'agit de l\'Anneau Unique, instrument de pouvoir absolu qui permettrait à Sauron, de régner sur la Terre du Milieu et de réduire en esclavage ses peuples… À moins que Frodon et ses fidèles compagnons ne parviennent à emporter l\'Anneau jusqu\'en Mordor, lieu où il a été forgé, et à le détruire pour toujours…', 'EN'),
('Le Seigneur des anneaux : Le Retour du roi', 2003, 108, 'La bataille pour la Terre du Milieu a commencé. Frodon et Sam, guidés par Gollum, poursuivent leur mission à travers les terres du Mordor pour détruire l\'Anneau Unique. Tandis que le pouvoir de Sauron grandit, Aragorn, l\'héritier du trône du Gondor, rassemble l\'armée des Hommes contre les forces du Mal, afin de laisser une chance au porteur de l\'Anneau d\'accomplir sa quête…', 'EN'),
('Le Voyage de Chihiro', 2001, 608, 'Chihiro, 10 ans, a tout d’une petite fille capricieuse. Elle s’apprête à emménager avec ses parents dans une nouvelle demeure. Sur la route, la petite famille se retrouve face à un immense bâtiment rouge au centre duquel s’ouvre un long tunnel. De l’autre côté du passage se dresse une ville fantôme. Les parents découvrent dans un restaurant désert de nombreux mets succulents et ne tardent pas à se jeter dessus. Ils se retrouvent alors transformés en cochons. Prise de panique, Chihiro s’enfuit et se dématérialise progressivement. L’énigmatique Haku se charge de lui expliquer le fonctionnement de l’univers dans lequel elle vient de pénétrer. Pour sauver ses parents, la fillette va devoir faire face à la terrible sorcière Yubaba, qui arbore les traits d’une harpie méphistophélique.', 'JA'),
('Lembayung', 2024, 1260451, '', 'ID'),
('Les Évadés', 1994, 4027, 'En 1947, Andy Dufresne, un jeune banquier, est condamné à la prison à vie pour le meurtre de sa femme et de son amant. Ayant beau clamer son innocence, il est emprisonné à Shawshank, le pénitencier le plus sévère de l\'État du Maine. Il y fait la rencontre de Red, un noir désabusé, détenu depuis vingt ans. Commence alors une grande histoire d\'amitié entre les deux hommes…', 'EN'),
('Les Promesses du cœur', 2025, 1322339, 'Après avoir décroché son diplôme universitaire et être devenue médecin, ce dont elle avait toujours rêvé, Niyala voit sa vie s\'effondrer lorsque son père prévoit de la marier avec Roger, le fils de l\'homme d\'affaires le plus riche du village, pour éponger les dettes familiales. En même temps, la jeune femme doit accepter que Faiq, son ami d\'enfance et celui qu\'elle n\'a jamais cessé d\'aimer, ait déjà trouvé une personne à épouser.', 'ID'),
('Liliane', 1933, 97774, 'Après la mort de son père dans l\'incendie d\'un bar minable qu\'il tenait dans le sud des USA, Lily Powers écoute les conseils d\'un client qui l\'encourage à quitter la ville et à utiliser les hommes pour réussir au lieu d\'être utilisée par eux. Débarquée à New York, elle se fait engager dans une banque et gravit les échelons de la hiérarchie, en même temps que les étages du building, en séduisant les hommes, du chef du personnel au directeur, les renvoyant au fur et à mesure qu\'elle n\'en a plus besoin. Couverte de bijoux et de fourrures, elle s\'apprête à craquer pour l\'un d\'entre eux quand son mentor lui rappelle d\'oublier les sentiments. Exilée à Paris après un scandale, Lily Powers peaufine ses ambitions...', 'EN'),
('Los Frikis', 2024, 1546658, '', 'EN'),
('Ma mère L\'arnaqueuse', 2025, 83731, 'La vie d\'un chef est bouleversée lorsqu\'une femme, voyageuse, amatrice de champagne et fréquentant les hôtels, prétend être sa mère, disparue depuis longtemps. Ce documentaire révèle cette histoire méconnue.', 'EN'),
('Mar.IA', 2024, 1028438, '', 'ES'),
('María, ¡Me muero!', 2024, 1571127, '', 'ES'),
('Matrix', 1999, 9340, 'Programmeur anonyme dans un service administratif le jour, Thomas Anderson devient Neo la nuit venue. Sous ce pseudonyme, il est l\'un des pirates les plus recherchés du cyber‐espace. À cheval entre deux mondes, Neo est assailli par d\'étranges songes et des messages cryptés provenant d\'un certain Morpheus. Celui‐ci l\'exhorte à aller au‐delà des apparences et à trouver la réponse à la question qui hante constamment ses pensées : qu\'est‐ce que la Matrice ? Nul ne le sait, et aucun homme n\'est encore parvenu à en percer les défenses. Mais Morpheus est persuadé que Neo est l\'Élu, le libérateur mythique de l\'humanité annoncé selon la prophétie. Ensemble, ils se lancent dans une lutte sans retour contre la Matrice et ses terribles agents…', 'EN'),
('Mémoires d’un escargot', 2024, 92733, 'La vie de Grace Pudel, petite fille solitaire, collectionneuse d’escargots et passionnée de lecture, a volé en éclats le jour de la mort de son père. Dans une famille d’accueil indifférente, séparée de son frère jumeau dont elle attend désespérément les lettres, malmenée par ses camarades, elle s’enfonce dans le désespoir...', 'EN'),
('Mesa de regalos', 2025, 1472483, '', 'ES'),
('Mickey 17', 2025, 21684, 'Mickey 17 est un individu envoyé coloniser une planète gelée. A chaque fois qu\'il meurt, ses souvenirs sont implantés dans un nouveau corps et sa mission reprend. Après être mort à six reprises, Mickey 17 commence à comprendre le but réel de sa mission.', 'EN'),
('Minecraft, le film', 2025, 53925, 'Bienvenue dans l’univers de Minecraft où la créativité est essentielle à la survie ! Quatre outsiders – Garrett, Henry, Natalie et Dawn – sont soudainement projetés à travers un mystérieux portail menant à L\'Overworld – un incroyable monde cubique qui prospère grâce à l’imagination. Pour rentrer chez eux, il leur faudra maîtriser ce monde (et le protéger de créatures maléfiques comme les Piglins et les Zombies), tout en s’engageant dans une quête fantastique aux côtés de Steve, expert fabricateur. Cette aventure les invitera à faire preuve d’audace et à développer leurs qualités singulières de créativité. Autant de facultés dont ils auront besoin pour s’épanouir dans le monde réel.', 'EN'),
('Miraculous World : Londres, la course contre le temps', 2024, 1565301, 'Afin de sauver l\'avenir d\'un terrible sort, Marinette devient Chronobug et fait équipe avec Bunnyx pour vaincre un mystérieux adversaire qui voyage dans le temps. Qui est ce nouveau super-méchant, et pourquoi est-il déterminé à dévoiler l\'identité secrète de super-héros de Marinette ? Le seul espoir de Marinette est de vaincre son nouvel ennemi pour empêcher la fin de la Coccinelle et des temps !', 'FR'),
('Moi, moche et méchant 4', 2024, 124748, 'Gru, Lucy et les filles, Margo, Édith et Agnès accueillent le petit dernier de la famille, Gru Junior, qui semble n’avoir qu’une passion : faire tourner son père en bourrique. Mais Gru est confronté à un nouvel ennemi, Maxime Le Mal, qui avec l’aide de sa petite amie, la fatale Valentina, va obliger toute la famille à fuir.', 'EN'),
('Mon voisin Totoro', 1988, 608, 'Mei, 4 ans, et Satsuki, 10 ans, s’installent à la campagne avec leur père pour se rapprocher de l’hôpital où séjourne leur mère. Elles découvrent la nature tout autour de la maison et, surtout, l’existence d’animaux étranges et merveilleux, les Totoros, avec qui elles deviennent très amies. Un jour, alors que Satsuki et Mei attendent le retour de leur mère, elles apprennent que sa sortie de l’hôpital a été repoussée. Mei décide alors d’aller lui rendre visite seule. Satsuki et les gens du village la recherchent en vain. Désespérée, Satsuki va finalement demander de l’aide à son voisin Totoro.', 'JA'),
('Mother Land', 2024, 59291, 'Depuis la fin du monde, June protège ses fils Samuel et Nolan, en les confinant dans une maison isolée. Ils chassent et cherchent de quoi survivre dans la forêt voisine, constamment reliés à leur maison par une corde que leur mère leur demande de ne surtout « jamais lâcher. » Car, si l’on en croit June, la vieille cabane est le seul endroit où la famille est à l’abri du « Mal » qui règne sur la Terre.  Mais un jour la corde est rompue, ils n’ont d’autre choix que de s’engager dans une lutte terrifiante pour leur propre survie…', 'EN'),
('Mufasa : Le Roi Lion', 2024, 92784, 'Suivez l\'épopée de l\'improbable ascension du roi bien-aimé de la Terre des Lions. Mufasa est un orphelin seul et perdu jusqu\'à ce qu\'il rencontre Taka, héritier de sang royal. C\'est le début d\'un voyage épique au cours duquel ils tenteront d\'échapper à un ennemi redoutable, ce qui mettra leurs liens à rude épreuve.', 'EN'),
('Nosferatu', 2024, 138781, 'Dans l\'Allemagne de 1838, Thomas Hutter, agent immobilier, est envoyé en Transylvanie pour rencontrer le mystérieux comte Orlok, intéressé par l\'achat d\'une propriété à Wisborg. Laissant derrière lui sa jeune épouse, Ellen, sujette à des visions inquiétantes, Thomas découvre rapidement la véritable nature du comte : un vampire terrifiant. Pendant ce temps, à Wisborg, Ellen est de plus en plus tourmentée par des cauchemars prémonitoires liés à Orlok. Lorsque le comte s\'installe dans sa nouvelle demeure, une série d\'événements horrifiques se déclenche, plongeant la ville dans la terreur et la désolation.', 'EN'),
('Novocaine', 2025, 1361389, 'Lorsque la fille de ses rêves est kidnappée, Nate, un homme ordinaire, transforme son incapacité à ressentir la douleur en une force inattendue dans son combat pour la retrouver.', 'EN'),
('Old Guy', 2024, 12786, 'Le tueur à gages vieillissant Danny Dolinski croit toujours être le meilleur dans son domaine. Coincé dans une impasse et rivalisant pour l\'amour de la gérante de club Anata, Danny est emballé lorsque The Company le ramène sur le terrain, mais revient rapidement à la réalité lorsqu’il apprend que son mandat est d’entraîner Wihlborg, un nouveau venu de la génération Z et assassin prodige doté d’une attitude massacrante.', 'EN'),
('Oppenheimer', 2023, 525, 'En 1942, convaincus que l\'Allemagne nazie est en train de développer une arme nucléaire, les États-Unis initient, dans le plus grand secret, le \"Projet Manhattan\" destiné à mettre au point la première bombe atomique de l’histoire. Pour piloter ce dispositif, le gouvernement engage J. Robert Oppenheimer, brillant physicien, qui sera bientôt surnommé \"le père de la bombe atomique\". C\'est dans le laboratoire ultra-secret de Los Alamos, au cœur du désert du Nouveau-Mexique, que le scientifique et son équipe mettent au point une arme révolutionnaire dont les conséquences, vertigineuses, continuent de peser sur le monde actuel…', 'EN'),
('Opus', 2025, 2488639, 'Une jeune autrice est invitée à se rendre à la résidence recluse d’une star de la pop ayant mystérieusement disparu 30 ans auparavant. Entourée des membres du culte obsédés par la star et de journalistes imbus et complaisants, elle se retrouve malgré elle au centre du plan de vengeance tordu de la vedette.', 'EN'),
('Paddington au Pérou', 2024, 1717526, 'Alors que Paddington rend visite à sa tante Lucy bien-aimée, qui réside désormais à la Maison des ours retraités au Pérou, la famille Brown et notre ours préféré plongent dans un voyage inattendu et plein de mystères, à travers la forêt amazonienne et jusqu\'aux sommets des montagnes du Machu Picchu.', 'EN'),
('Parasite', 2019, 21684, 'Toute la famille de Ki-taek est au chômage. Elle s’intéresse particulièrement au train de vie de la richissime famille Park. Mais un incident se produit et les deux familles se retrouvent mêlées, sans le savoir, à une bien étrange histoire…', 'KO'),
('Parthenope', 2024, 56194, 'La vie, tel un long voyage, de Parthenope, de sa naissance dans les années 1950 à nos jours. Une épopée féminine sans héroïsme, débordante d’une inexorable passion pour la liberté, pour Naples et les visages de l’amour. Les amours vraies, inutiles et celles indicibles. Le parfait été à Capri d’une jeunesse baignée d’insouciance. Et qui se termine en embuscade. Et puis tous les autres, les Napolitains, hommes et femmes, fréquentés, observés et aimés, désabusés et vitaux, leurs dérives mélancoliques, leurs ironies tragiques et leurs yeux un peu abattus. La vie, mémorable ou ordinaire, sait être très longue. Le cours du temps offre un vaste répertoire de sentiments. Et là, au fond, proche et lointaine, cette ville indéfinissable, Naples, qui ensorcèle, enchante, hurle, rit et sait nous faire mal.', 'IT'),
('Peter Pan\'s Neverland Nightmare', 2025, 1482026, '', 'EN'),
('Pídeme lo que quieras', 2024, 2388428, '', 'ES'),
('Piglet', 2025, 4217537, '', 'EN'),
('Plankton : Le film', 2025, 2136790, 'L\'histoire d\'amour compliquée entre Plankton et sa femme ordinateur vire au chaos quand elle prend position et décide de détruire le monde sans lui.', 'EN'),
('Pleasure', 2021, 1202063, 'Une jeune suédoise de 19 ans arrive à Los Angeles dans le but de faire carrière dans l’industrie du porno. Sa détermination et son ambition la propulsent au sommet d’un monde où le plaisir cède vite la place au risque et à la toxicité.', 'SV'),
('Popeye the Slayer Man', 2025, 191028, '', 'PT'),
('Presence', 2025, 1884, 'Une famille est convaincue qu\'elle n\'est pas seule après avoir emménagé dans sa nouvelle maison en banlieue.', 'EN'),
('Puri for Rent', 2025, NULL, '', 'TL'),
('Red One', 2024, 51851, 'Après l\'enlèvement du Père Noël, le chef de la sécurité du pôle Nord doit faire équipe avec le chasseur de primes le plus célèbre du monde dans une mission pleine d\'action à travers le monde pour sauver Noël.', 'EN'),
('Revelations', 2025, 939147, 'Un pasteur qui croit aux révélations divines et un détective hanté par des visions enquêtent sur la disparition d\'une personne, faisant ressortir au passage leurs propres démons.', 'KO'),
('Robotia, la película', 2024, 3626927, '', 'ES'),
('Room in Rome', 2010, 16435, 'Deux étrangères, une Russe, une Espagnole, se rencontrent par hasard dans un hôtel de Rome. Elles ont une nuit pour faire connaissance...', 'ES'),
('Shrek', 2001, 5524, 'Shrek, un ogre verdâtre, cynique et malicieux, a élu domicile dans un marécage qu’il croit être un havre de paix. Un matin, alors qu’il sort faire sa toilette, il découvre de petites créatures agaçantes qui errent dans son marais. Shrek se rend alors au château du seigneur Lord Farquaad, qui aurait soi‐disant expulsé ces êtres de son royaume. Ce dernier souhaite épouser la princesse Fiona, mais celle‐ci est retenue prisonnière par un abominable dragon. Il lui faut un chevalier assez brave pour secourir la belle. Shrek accepte d’accomplir cette mission. En échange, le seigneur devra débarrasser son marécage de ces créatures envahissantes. Or, la princesse Fiona cache un secret terrifiant qui va entraîner Shrek et son compagnon l’âne dans une palpitante et périlleuse aventure.', 'EN'),
('Smile 2', 2024, 2218465, 'Sur le point d’entamer une nouvelle tournée mondiale, la star planétaire de la pop, Skye Riley, commence à vivre des événements de plus en plus terrifiants et inexplicables. Dépassée par l’horreur croissante et la pression de la célébrité, Skye doit affronter son sombre passé pour reprendre le contrôle sur sa vie avant qu’elle n’en perde le contrôle.', 'EN'),
('Sniper: The Last Stand', 2025, 935907, 'Pour empêcher un trafiquant de livrer une arme de destruction massive, le tireur d\'élite Brandon Beckett et l\'agent Zero dirigent un groupe de soldats au Costa Verde. Avec un jeune tireur d\'élite sous son aile, Beckett doit relever un défi: donner des ordres au lieu d\'en recevoir. Avec le temps et les munitions qui manquent, survivre sera un défi de taille.', 'EN'),
('Sonic 3, le film', 2024, 93364, 'Sonic, Knuckles et Tails sont à nouveau réunis face à un puissant nouvel adversaire, Shadow, un mystérieux vilain doté de pouvoirs comme ils n\'en ont encore jamais vu. Leurs habiletés étant toutes surclassées, l\'Équipe Sonic doit tenter une alliance improbable dans l\'espoir d\'arrêter Shadow et de protéger la planète.', 'EN');
INSERT INTO `film` (`titre`, `annee`, `id_realisateur`, `resume`, `code_pays`) VALUES
('Spider-Man : Across the Spider-Verse', 2023, 1046497, 'Après avoir retrouvé Gwen Stacy, Spider-Man, le sympathique héros originaire de Brooklyn, est catapulté à travers le Multivers, où il rencontre une équipe de Spider-Héros chargée d\'en protéger l\'existence. Mais lorsque les héros s\'opposent sur la façon de gérer une nouvelle menace, Miles se retrouve confronté à eux et doit redéfinir ce que signifie être un héros afin de sauver les personnes qu\'il aime le plus.', 'EN'),
('Spider-Man : New Generation', 2018, 936670, 'Spider-Man : New Generation suit les aventures de Miles Morales, un adolescent afro-américain et portoricain qui vit à Brooklyn et s’efforce de s’intégrer dans son nouveau collège à Manhattan. Mais la vie de Miles se complique quand il se fait mordre par une araignée radioactive et se découvre des super-pouvoirs : il est désormais capable d’empoisonner ses adversaires, de se camoufler, de coller littéralement aux murs et aux plafonds ; son ouïe est démultipliée... Dans le même temps, le plus redoutable cerveau criminel de la ville, le Caïd, a mis au point un accélérateur de particules nucléaires capable d’ouvrir un portail sur d’autres univers. Son invention va provoquer l’arrivée de plusieurs autres versions de Spider-Man dans le monde de Miles, dont un Peter Parker plus âgé, Spider-Gwen, Spider-Man Noir, Spider-Cochon et Peni Parker, venue d’un dessin animé japonais.', 'EN'),
('Spider-Man : No Way Home', 2021, 1293994, 'Après les événements liés à l\'affrontement avec Mysterio, l\'identité secrète de Spider-Man a été révélée. Il est poursuivi par le gouvernement américain, qui l\'accuse du meurtre de Mysterio, et traqué par les médias. Cet événement a également des conséquences terribles sur la vie de sa petite-amie M.J. et de son meilleur ami Ned. Désemparé, Peter Parker demande alors de l\'aide au docteur Strange. Ce dernier lance un sort pour que tout le monde oublie que Peter est Spider-Man. Mais les choses ne se passent pas comme prévu, et cette action altère la stabilité de l\'espace-temps. Cela ouvre le « multivers », un concept terrifiant dont ils ne savent quasiment rien...', 'EN'),
('Super Mario Bros. le film', 2023, 1719706, 'Alors qu’ils tentent de réparer une canalisation souterraine, Mario et son frère Luigi, tous deux plombiers, se retrouvent plongés dans un nouvel univers féerique à travers un mystérieux conduit. Mais lorsque les deux frères sont séparés, Mario s’engage dans une aventure trépidante pour retrouver Luigi. Dans sa quête, il peut compter sur l’aide du champignon Toad, habitant du Royaume Champignon, et les conseils avisés, en matière de techniques de combat, de la Princesse Peach, guerrière déterminée à la tête du Royaume. C’est ainsi que Mario réussit à mobiliser ses propres forces pour aller au bout de sa mission.', 'EN'),
('Tatsulok', 2024, 1580799, '', 'TL'),
('Terrifier 3', 2024, 933176, 'Après avoir survécu au massacre d\'Halloween perpétré par Art Le Clown, Sienna et son frère tentent de reconstruire leur vie. Alors que les fêtes de fin d\'année approchent, ils s\'efforcent de laisser derrière eux les horreurs passées. Cependant, au moment où ils se croyaient enfin à l\'abri, Art refait surface, bien décidé à transformer Noël en un véritable cauchemar.', 'EN'),
('The Amateur', 2025, 30310, 'Un cryptographe de la CIA qui, après la mort tragique de sa femme lors d\'une attaque terroriste à Londres, exige de ses supérieurs qu\'ils les poursuivent. Lorsqu\'il devient évident qu\'ils n\'agiront pas en raison de priorités internes, il fait chanter l\'agence pour qu\'elle le forme et le laisse les poursuivre lui-même.', 'EN'),
('The Bayou', 2025, 1168608, 'Les vacances tournent au désastre lorsque Kyle, diplômé de Houston, et ses amis survivent à un accident d\'avion dans les marais désolés de Louisiane, avant de découvrir que quelque chose de bien plus dangereux se cache dans les bas-fonds.', 'EN'),
('The Beekeeper', 2024, 19769, 'La quête brutale de vengeance d’un homme prend des proportions démesurées alors que son passé d’agent secret d’une puissante organisation clandestine connue sous le nom des Apiculteurs est révélé.', 'EN'),
('The Brutalist', 2024, 55493, 'Pour échapper à l’Europe de l’après-guerre, l’architecte visionnaire László Tóth émigre aux États-Unis. Il veut y reconstruire sa vie, son travail et son mariage avec sa femme Erzsébet, dont il a été séparé pendant la guerre par suite des modifications de frontières et de régimes. Seul dans ce nouveau pays, László s’installe en Pennsylvanie, où le riche industriel Harrison Lee Van Buren remarque son talent pour la construction. Mais le pouvoir et l’héritage se paient au prix fort...', 'EN'),
('The Codes of War', 2025, 5010139, '', 'EN'),
('The Curse of the Necklace', 2024, 1921469, 'Après s\'être séparé à cause de son tempérament imprévisible et alcoolisé, Frank tente de reconquérir sa femme Laura en lui offrant un magnifique collier antique qu\'il a trouvé dans un vieux sac de preuves de 1938 au poste de police. Malheureusement, le collier est un conduit pour l\'âme tourmentée d\'un garçon maléfique d\'il y a longtemps, et Laura et ses filles se retrouvent en grand danger à cause d\'un petit garçon qui n\'existe plus.', 'EN'),
('The Dark Knight : Le Chevalier noir', 2008, 525, 'Batman aborde une phase décisive de sa guerre contre le crime à Gotham City. Avec l\'aide du lieutenant de police Jim Gordon et du nouveau procureur Harvey Dent, il entreprend de démanteler les dernières organisations criminelles qui infestent les rues de la ville. L\'association s\'avère efficace, mais le trio se heurte bientôt à un nouveau génie du crime qui répand la terreur et le chaos dans Gotham : le Joker. On ne sait pas d\'où il vient ni qui il est. Ce criminel possède une intelligence redoutable doublé d\'un humour sordide et n\'hésite pas à s\'attaquer à la pègre locale dans le seul but de semer le chaos.', 'EN'),
('The Electric State', 2025, 19272, 'Une adolescente orpheline prend la route avec un mystérieux robot pour retrouver son frère disparu et ne tarde pas à faire équipe avec un contrebandier et son malicieux acolyte.', 'EN'),
('The Gorge', 2025, 55499, 'Deux agents hautement entraînés se rapprochent malgré la distance lorsqu\'ils sont envoyés garder deux côtés opposés d\'une mystérieuse gorge. Quand un mal surgit des profondeurs, ils doivent faire équipe pour survivre à ce qui est tapi sous la surface.', 'EN'),
('The Insider', 2025, 1884, 'L\'histoire d’un couple d’agents secrets, George Woodhouse et sa femme Kathryn. Lorsque Kathryn est soupçonnée de trahison envers la nation, George doit faire face à un dilemme déchirant : protéger son mariage ou défendre son pays.', 'EN'),
('The Island', 2023, 146415, '', 'EN'),
('The Monkey', 2025, 90609, 'Lorsque les jumeaux Bill et Hal trouvent le vieux jouet de singe de leur père, une série de morts effroyables commence. Les deux frères décident de jeter le jouet et de poursuivre leur vie, tout en s\'éloignant l\'un de l\'autre.', 'EN'),
('The Substance', 2024, 1607016, 'Elisabeth Sparkle, vedette d’une émission d’aérobic, est licenciée le jour de ses 50 ans à cause de son âge. Le moral au plus bas, elle reçoit une proposition inattendue, celle d\'un mystérieux laboratoire lui proposant une « substance » miraculeuse : si elle se l’injecte, elle deviendra la meilleure version d’elle-même, plus jeune, plus belle, plus parfaite grâce à une modification de son ADN...', 'EN'),
('The Vigilante', 2023, 92508, '', 'EN'),
('Titanic', 1997, 2710, 'Southampton, 10 avril 1912. Le paquebot le plus grand et le plus moderne du monde, réputé pour son insubmersibilité, le « Titanic », appareille pour son premier voyage. Quatre jours plus tard, il heurte un iceberg. À son bord, un artiste pauvre et une grande bourgeoise tombent amoureux.', 'EN'),
('Top Gun', 1986, 893, 'Jeune as du pilotage et tête brûlée d\'une école réservée à l\'élite de l\'Aéronavale américaine, la fameuse « Top Gun », Pete Mitchell, dit Maverick, tombe sous le charme d\'une instructrice alors qu\'il est en compétition pour le titre du meilleur pilote…', 'EN'),
('Top Gun : Maverick', 2022, 86270, 'Après avoir été l’un des meilleurs pilotes de chasse de l\'Aéronavale américaine pendant plus de trente ans, Pete “Maverick\" Mitchell continue à repousser ses limites en tant que pilote d\'essai. Il refuse de monter en grade, car cela l’obligerait à renoncer à voler. Il est chargé de former un détachement de jeunes diplômés de l’école Top Gun pour une mission spéciale qu’aucun pilote n\'aurait jamais imaginée. Lors de cette mission, Maverick rencontre le lieutenant Bradley “Rooster” Bradshaw, le fils de son défunt ami, le navigateur Nick “Goose” Bradshaw. Face à un avenir incertain, hanté par ses fantômes, Maverick va devoir affronter ses pires cauchemars au cours d’une mission qui exigera les plus grands sacrifices.', 'EN'),
('Transformers : Le Commencement', 2024, 84496, 'Les origines d\'Optimus Prime et de Megatron, autrefois amis proches comme des frères, avant de devenir des ennemis jurés, façonnant ainsi à jamais le destin de Cybertron.', 'EN'),
('Un week-end en enfer', 2025, 303056, 'Josh et Rohan planifient un week-end pour présenter leurs parents, mais ils découvrent que leur location abrite un poltergeist vieux de 400 ans.', 'EN'),
('Uppercut', 2025, 3206654, 'Toni, une combattante déterminée, cherche à rencontrer Elliott, un ancien boxeur devenu propriétaire d\'une salle de sport dans le quartier de Bushwick.', 'EN'),
('Vaiana 2', 2024, 4524084, 'Après avoir reçu une invitation inattendue de ses ancêtres, Vaiana entreprend un périple qui la conduira jusqu’aux eaux dangereuses situées aux confins des mers des îles du Pacifique. Elle y vivra des péripéties comme jamais vécues auparavant.', 'EN'),
('Venom : The Last Dance', 2024, 940376, 'Eddie et Venom sont en cavale. Chacun est traqué par ses semblables et alors que l\'étau se resserre, le duo doit prendre une décision dévastatrice qui annonce la conclusion des aventures d\'Eddie et de Venom.', 'EN'),
('Vice-versa 2', 2024, 182001, 'Riley, adolescente depuis peu, au moment où le Quartier Cérébral doit être démoli pour faire place à un événement totalement inattendu : de nouvelles Émotions ! Joie, Tristesse, Colère, Peur et Dégoût, qui ont longtemps su contrôler les choses avec succès, ne savent pas comment réagir à l\'arrivée d\'Anxiété. Et il semblerait qu\'elle ne soit pas seule. Elle est venue accompagnée d\'Embarras, Envie et Ennui.', 'EN'),
('Vol à haut risque', 2025, 2461, 'Une agente des forces de l\'ordre est chargée d\'assurer la sécurité de Winston, un criminel qui a accepté de témoigner dans une affaire de corruption. Ce dernier vient d\'être arrêté et doit être transporté jusqu\'à Anchorage, en Alaska. Tous deux prennent place à bord d\'un petit avion de brousse. Alors qu\'ils traversent une zone de turbulences, le permis de pilotage du pilote glisse sur le sol. La photo d\'identité qui s\'y trouve ne correspond pas à l\'homme qui tient les commandes de l\'appareil.', 'EN'),
('Werewolves', 2024, 30058, 'Pendant une superlune, un phénomène inexpliqué bouleverse la planète entière. Plus d\'un milliard de personnes se transforment en loups-garous gigantesques et agressifs. L\'événement cause la mort de nombreuses victimes. Un an plus tard, à l\'approche d\'une phase lunaire similaire, la population, les autorités et la communauté scientifique se préparent au pire.', 'EN'),
('Wicked', 2024, 54507, 'Elphaba, une jeune femme incomprise à cause de sa peau verte inhabituelle, doit encore découvrir son véritable pouvoir. Glinda, une jeune femme populaire, dorée par le privilège et l\'ambition, doit encore découvrir son véritable cœur. Les deux se rencontrent en tant qu\'étudiantes à l\'Université de Shiz dans le fantastique Pays d\'Oz et forgent une amitié improbable, mais profonde.', 'EN'),
('Winner', 2024, 1302549, 'Une jeune fille brillante et marginale, originaire d\'une ville frontalière du Texas, qui aime son pistolet rose presque autant qu\'aider les autres. Après avoir appris l\'arabe au lycée pour pouvoir servir au Moyen-Orient, Reality est recrutée par l\'armée de l\'air, mais devient rapidement désillusionnée lorsque sa morale est mise à mal. Après avoir fait la transition vers un travail rémunéré en tant que contractante de la NSA, Reality tombe sur des secrets gouvernementaux concernant le piratage des élections par la Russie pendant la campagne présidentielle de 2016. Doit-elle révéler la vérité ou se taire ? En fin de compte, elle décide de divulguer la vérité, ce qui mène à son procès et à sa condamnation historique pour espionnage.', 'EN'),
('Wolf Man', 2025, 2128, 'Quand son père disparaît, Blake hérite de la vieille ferme familiale en Oregon. Alors que son couple bat de l\'aile, Blake convainc sa femme Charlotte de changer d\'air et d\'aller vivre dans la maison de l\'Oregon avec leur fille Ginger. Lorsque Blake, Charlotte et leur fille arrivent près de la ferme, ils sont attaqués, en pleine nuit, par un animal invisible. Ils parviennent à se barricader dans la maison, mais au fil de la nuit, Blake commence à se métamorphoser.', 'EN'),
('xXx', 2002, 18878, 'Après une série de tests, Xander Cage dit « xXx », un spécialiste des sports extrêmes couvert de tatouages, est recruté par Augustus Gibbons, un agent de la National Security Agency (NSA), pour s’infiltrer dans une organisation criminelle et mettre fin à ses agissements. Dirigée par un certain Yorgi, celle‐ci se fait appeler « Anarchie 99 » et son siège se situe à Prague, en République tchèque. Gibbons est persuadé que Xander Cage réussira là où les espions conventionnels ont échoué.Ce dernier insiste toutefois pour accomplir cette mission à sa façon. Il se présente alors directement à Yorgi et se lie rapidement d’amitié avec lui, l’occasion pour Xander Cage de découvrir les terribles desseins de l’organisation.', 'EN'),
('Your Name.', 2016, 74091, 'Mitsuha est une lycéenne, la fille du maire d\'une petite ville nichée entre les montagnes. Vivant avec sa petite sœur et sa grand-mère, c\'est une demoiselle franche qui n\'hésite pas à dire qu\'elle n\'a pas envie de participer aux rituels shinto, ou d\'aider son père dans ses campagnes électorales. En fait, elle rêve de pouvoir quitter cette ville où elle s\'ennuie, pour partir tenter sa chance à la capitale. Taki est un lycéen, un tokyoïte qui travaille à mi-temps dans un restaurant italien, tout en aspirant à des études d\'architecture ou dans les Beaux-Arts. Chaque nuit, il fait un rêve étrange, où il devient… une lycéenne campagnarde, vivant dans une petite ville entre les montagnes.  Quel secret se cache derrière ces rêves mutuels, qui unissent ces deux êtres qui ne se sont jamais rencontrés ?', 'JA'),
('Z Zone', 2025, 4934349, '', 'MN'),
('¿Quién es quién?', 2024, 2978732, '', 'ES');

-- --------------------------------------------------------

--
-- Structure de la table `film_genre`
--

DROP TABLE IF EXISTS `film_genre`;
CREATE TABLE IF NOT EXISTS `film_genre` (
  `titre_film` varchar(100) NOT NULL,
  `id_genre` int(11) NOT NULL,
  PRIMARY KEY (`titre_film`,`id_genre`),
  KEY `id_genre` (`id_genre`)
) ENGINE=InnoDB;

--
-- Déchargement des données de la table `film_genre`
--

INSERT INTO `film_genre` (`titre_film`, `id_genre`) VALUES
('Avengers', 12),
('Avengers : Infinity War', 12),
('Carjackers', 12),
('Chico Bento e a Goiabeira Maraviosa', 12),
('Coco', 12),
('Dalia y el libro rojo', 12),
('Fast & Furious X', 12),
('Harry Potter et la Coupe de feu', 12),
('Interstellar', 12),
('Le Château ambulant', 12),
('Robotia, la película', 12),
('Shrek', 12),
('Spider-Man : New Generation', 12),
('Super Mario Bros. le film', 12),
('The Electric State', 12),
('Vaiana 2', 12),
('xXx', 12),
('Blanche Neige', 14),
('Coraline', 14),
('Dalia y el libro rojo', 14),
('Harry Potter et la Coupe de feu', 14),
('Le Château ambulant', 14),
('Le Voyage de Chihiro', 14),
('Mon voisin Totoro', 14),
('Shrek', 14),
('Coco', 16),
('Coraline', 16),
('Dalia y el libro rojo', 16),
('Elli and the Ghostly Ghost Train', 16),
('Le Château ambulant', 16),
('Le Clitoris', 16),
('Le Voyage de Chihiro', 16),
('Mémoires d’un escargot', 16),
('Moi, moche et méchant 4', 16),
('Mon voisin Totoro', 16),
('Robotia, la película', 16),
('Shrek', 16),
('Spider-Man : New Generation', 16),
('Super Mario Bros. le film', 16),
('Vaiana 2', 16),
('À contre-sens 2', 18),
('Anora', 18),
('Babygirl', 18),
('Blade Runner 2049', 18),
('Conclave', 18),
('Dalia y el libro rojo', 18),
('Devara: Partie 1', 18),
('Dirty Angels', 18),
('Fight Club', 18),
('Interstellar', 18),
('Kiskisan', 18),
('La cugina', 18),
('La Liste de Schindler', 18),
('Le Clan des bêtes', 18),
('Los Frikis', 18),
('Mémoires d’un escargot', 18),
('Parasite', 18),
('Parthenope', 18),
('Pídeme lo que quieras', 18),
('Pleasure', 18),
('Room in Rome', 18),
('Tatsulok', 18),
('The Brutalist', 18),
('Titanic', 18),
('Destination finale : Bloodlines', 27),
('Ghost Game', 27),
('Giro final', 27),
('Lembayung', 27),
('Mar.IA', 27),
('Mother Land', 27),
('Opus', 27),
('Piglet', 27),
('Popeye the Slayer Man', 27),
('Smile 2', 27),
('Un week-end en enfer', 27),
('Z Zone', 27),
('Avengers', 28),
('Avengers : Infinity War', 28),
('Captain America : Brave New World', 28),
('Carjackers', 28),
('Devara: Partie 1', 28),
('Dirty Angels', 28),
('Elevation', 28),
('Fast & Furious X', 28),
('John Wick : Chapitre 4', 28),
('Le Jardinier', 28),
('Novocaine', 28),
('Spider-Man : New Generation', 28),
('The Beekeeper', 28),
('The Codes of War', 28),
('The Electric State', 28),
('The Island', 28),
('The Vigilante', 28),
('xXx', 28),
('Anora', 35),
('Chico Bento e a Goiabeira Maraviosa', 35),
('Elli and the Ghostly Ghost Train', 35),
('La cugina', 35),
('Le Jardinier', 35),
('María, ¡Me muero!', 35),
('Mémoires d’un escargot', 35),
('Mesa de regalos', 35),
('Moi, moche et méchant 4', 35),
('Novocaine', 35),
('Parasite', 35),
('Shrek', 35),
('Super Mario Bros. le film', 35),
('Un week-end en enfer', 35),
('Vaiana 2', 35),
('¿Quién es quién?', 35),
('La Liste de Schindler', 36),
('Captain America : Brave New World', 53),
('Conclave', 53),
('Dirty Angels', 53),
('Elevation', 53),
('Fast & Furious X', 53),
('Ghost Game', 53),
('Holland', 53),
('John Wick : Chapitre 4', 53),
('Le Clan des bêtes', 53),
('Lembayung', 53),
('Mar.IA', 53),
('Novocaine', 53),
('Opus', 53),
('Parasite', 53),
('The Beekeeper', 53),
('The Island', 53),
('The Vigilante', 53),
('xXx', 53),
('Fast & Furious X', 80),
('John Wick : Chapitre 4', 80),
('The Beekeeper', 80),
('The Island', 80),
('xXx', 80),
('Le Clitoris', 99),
('Avengers', 878),
('Avengers : Infinity War', 878),
('Blade Runner 2049', 878),
('Captain America : Brave New World', 878),
('Elevation', 878),
('Interstellar', 878),
('Mar.IA', 878),
('Moi, moche et méchant 4', 878),
('Spider-Man : New Generation', 878),
('The Electric State', 878),
('Conclave', 9648),
('Destination finale : Bloodlines', 9648),
('Fast & Furious X', 9648),
('Holland', 9648),
('Opus', 9648),
('Smile 2', 9648),
('Coco', 10402),
('À contre-sens 2', 10749),
('Anora', 10749),
('Parthenope', 10749),
('Pídeme lo que quieras', 10749),
('Room in Rome', 10749),
('Tatsulok', 10749),
('Titanic', 10749),
('Blanche Neige', 10751),
('Chico Bento e a Goiabeira Maraviosa', 10751),
('Coco', 10751),
('Coraline', 10751),
('Elli and the Ghostly Ghost Train', 10751),
('Le Voyage de Chihiro', 10751),
('Moi, moche et méchant 4', 10751),
('Mon voisin Totoro', 10751),
('Shrek', 10751),
('Super Mario Bros. le film', 10751),
('Vaiana 2', 10751),
('¿Quién es quién?', 10751),
('Dirty Angels', 10752),
('La Liste de Schindler', 10752),
('The Codes of War', 10752);

-- --------------------------------------------------------

--
-- Structure de la table `genre`
--

DROP TABLE IF EXISTS `genre`;
CREATE TABLE IF NOT EXISTS `genre` (
  `id_genre` int(11) NOT NULL,
  `libelle` varchar(100) NOT NULL,
  PRIMARY KEY (`id_genre`)
) ENGINE=InnoDB;

--
-- Déchargement des données de la table `genre`
--

INSERT INTO `genre` (`id_genre`, `libelle`) VALUES
(12, 'Aventure'),
(14, 'Fantastique'),
(16, 'Animation'),
(18, 'Drame'),
(27, 'Horreur'),
(28, 'Action'),
(35, 'Comédie'),
(36, 'Histoire'),
(37, 'Western'),
(53, 'Thriller'),
(80, 'Crime'),
(99, 'Documentaire'),
(878, 'Science-Fiction'),
(9648, 'Mystère'),
(10402, 'Musique'),
(10749, 'Romance'),
(10751, 'Famille'),
(10752, 'Guerre'),
(10770, 'Téléfilm');

-- --------------------------------------------------------

--
-- Structure de la table `internaute`
--

DROP TABLE IF EXISTS `internaute`;
CREATE TABLE IF NOT EXISTS `internaute` (
  `email` varchar(40) NOT NULL,
  `nom` varchar(30) NOT NULL,
  `prenom` varchar(30) NOT NULL,
  `mot_de_passe` varchar(32) NOT NULL,
  `annee_naissance` int(11) DEFAULT NULL,
  `region` varchar(30) DEFAULT NULL,
  PRIMARY KEY (`email`)
) ENGINE=InnoDB;

--
-- Déchargement des données de la table `internaute`
--

INSERT INTO `internaute` (`email`, `nom`, `prenom`, `mot_de_passe`, `annee_naissance`, `region`) VALUES
('bradfordnancy@example.com', 'Leach', 'Jason', 'eebd693b6504b3b151bac8712fe52013', 1986, 'Marseille'),
('camposchristine@example.com', 'Ndiaye', 'Fatou', '31eec8119ad5a197b8b3294a540eeeaa', 1992, 'Thiès'),
('caseymichael@example.org', 'Gharbi', 'Nour', 'b9a6955fcb76cbaa82f82657842cb632', 1976, 'Sfax'),
('christopherschmidt@example.org', 'Ben', 'Ali', '58c8945855da3e28acb9148d1d99f6d5', 1980, 'Sfax'),
('dannybell@example.net', 'Sow', 'Ibrahima', 'f618f4d5331005c4687c05050312d4e9', 2003, 'Dakar'),
('eric16@example.org', 'Wood', 'Megan', 'ff3504675eadeead4216e58364fa5200', 2003, 'Paris'),
('gdiaz@example.net', 'Ba', 'Aminata', '88b4ebab3371f5500bb6210f43b08e66', 1995, 'Thiès'),
('gomezdenise@example.com', 'Trabelsi', 'Asma', 'f558d89625c032b387198c32b5a74b8d', 1988, 'Sfax'),
('harrisjodi@example.com', 'Ramirez', 'Melissa', '1d840332071fdaef2bf10d72fe86aad2', 1992, 'Dakar'),
('hperkins@example.com', 'Rose', 'Rhonda', 'fc8c09aafcd0bbcf0795990b0a298e06', 1990, 'Lyon'),
('hughesamy@example.com', 'Diop', 'Mamadou', '9bfa68c1c12b3e300fdc841547a0ca30', 1979, 'Thiès'),
('jacquelinemay@example.org', 'Torres', 'Frederick', 'f42764061258f96ff11cf55998ec5ee9', 1985, 'Tunis'),
('jaredpatterson@example.com', 'Hudson', 'Lisa', 'e1816b0253261adffe79bcc7bef7f52b', 1991, 'Paris'),
('jasonholloway@example.com', 'Mata', 'Natalie', 'e9619b1ac26b500cd4640e21944d0066', 1971, 'Paris'),
('jlogan@example.com', 'Williams', 'Michael', 'a690db6ac74d90a54d78bbce4cb32490', 1989, 'Thiès'),
('johnsonamy@example.com', 'Thompson', 'David', '14722926c583d96c0bf18341a06ce2af', 1978, 'Dakar'),
('johnsonrobert@example.org', 'Clarke', 'Francisco', 'a6d0fcd8b46a3ff599e8567afefe394f', 1992, 'Lyon'),
('lauraharris@example.net', 'Roach', 'Shannon', '8eff37694287fc1c9af9d42803586704', 2000, 'Thiès'),
('leroyfranklin@example.net', 'Rodriguez', 'Benjamin', '01306c8e63adb04b11dab3064ce6605f', 1985, 'Dakar'),
('lgriffin@example.net', 'Rose', 'David', '55bd86fdacb952181d564d68df7c0ad3', 1983, 'Paris'),
('lneal@example.net', 'Johnson', 'Steven', 'e00a1b428d17df85068682c55161701b', 1981, 'Thiès'),
('michael80@example.com', 'Garcia', 'Jacob', '32bd4bb8a86a43d565933562db6788fd', 1976, 'Lyon'),
('michaelharrell@example.org', 'Barrett', 'Yolanda', '3f81b78578f924dd61019a40e64e1275', 1979, 'Dakar'),
('penadarryl@example.com', 'Kim', 'Rachel', '234e957021643ff2905e3742ddadefdb', 2005, 'Thiès'),
('qanderson@example.org', 'Franco', 'Alyssa', '52dc5d5f887cb417b7fe4cce0d0bb5d9', 1976, 'Tunis'),
('ricebrett@example.net', 'Mcdonald', 'Crystal', 'fd170c14d78377413f407946a92c1b4b', 1975, 'Thiès'),
('salasamy@example.net', 'Thomas', 'Rachel', '4a9096b31c6b630d30b99b6169d95916', 2000, 'Tunis'),
('taylorvillanueva@example.org', 'Ortiz', 'Tammy', 'e1efb5bc8dc01af7e28cfa47363a5dc6', 1988, 'Marseille'),
('tharper@example.org', 'Peterson', 'Joshua', '1cec6c063d3bbd4745ba90acf2af957c', 1994, 'Lyon'),
('valerie61@example.net', 'Lane', 'Lisa', 'd474f845024323b23eaf6f1b25ef439a', 1976, 'Lyon');

-- --------------------------------------------------------

--
-- Structure de la table `notation`
--

DROP TABLE IF EXISTS `notation`;
CREATE TABLE IF NOT EXISTS `notation` (
  `titre` varchar(100) NOT NULL,
  `email` varchar(40) NOT NULL,
  `note` int(11) NOT NULL,
  PRIMARY KEY (`titre`,`email`),
  KEY `email` (`email`)
) ENGINE=InnoDB;

--
-- Déchargement des données de la table `notation`
--

INSERT INTO `notation` (`titre`, `email`, `note`) VALUES
('À contre-sens 2', 'leroyfranklin@example.net', 1),
('Bad Boys : Ride or Die', 'lauraharris@example.net', 3),
('Control Freak', 'ricebrett@example.net', 1),
('Harry Potter à l\'école des sorciers', 'valerie61@example.net', 5),
('Kiskisan', 'leroyfranklin@example.net', 5),
('Kraven the Hunter', 'lauraharris@example.net', 2),
('Le Château ambulant', 'camposchristine@example.com', 1),
('Mesa de regalos', 'eric16@example.org', 5),
('Mesa de regalos', 'harrisjodi@example.com', 3),
('Paddington au Pérou', 'bradfordnancy@example.com', 4),
('Parthenope', 'johnsonamy@example.com', 5),
('Peter Pan\'s Neverland Nightmare', 'camposchristine@example.com', 1),
('Piglet', 'taylorvillanueva@example.org', 4),
('Red One', 'qanderson@example.org', 4),
('The Monkey', 'dannybell@example.net', 2),
('Top Gun : Maverick', 'camposchristine@example.com', 2),
('Werewolves', 'michaelharrell@example.org', 3),
('Your Name.', 'tharper@example.org', 1);

-- --------------------------------------------------------

--
-- Structure de la table `pays`
--

DROP TABLE IF EXISTS `pays`;
CREATE TABLE IF NOT EXISTS `pays` (
  `code` varchar(4) NOT NULL,
  `nom` varchar(30) NOT NULL DEFAULT 'Inconnu',
  `langue` varchar(30) NOT NULL,
  PRIMARY KEY (`code`)
) ENGINE=InnoDB;

--
-- Déchargement des données de la table `pays`
--

INSERT INTO `pays` (`code`, `nom`, `langue`) VALUES
('CN', 'Chine', 'Chinois'),
('DA', 'Inconnu', 'Inconnu'),
('DE', 'Inconnu', 'Inconnu'),
('EN', 'Inconnu', 'Inconnu'),
('ES', 'Espagne', 'Espagnol'),
('FR', 'France', 'Français'),
('HI', 'Inconnu', 'Inconnu'),
('HY', 'Inconnu', 'Inconnu'),
('ID', 'Inconnu', 'Inconnu'),
('IT', 'Inconnu', 'Inconnu'),
('JA', 'Inconnu', 'Inconnu'),
('KO', 'Inconnu', 'Inconnu'),
('LV', 'Lettonie', 'Letton'),
('MN', 'Mongolie', 'Mongol'),
('PL', 'Inconnu', 'Inconnu'),
('PT', 'Inconnu', 'Inconnu'),
('SV', 'Inconnu', 'Inconnu'),
('TA', 'Inconnu', 'Inconnu'),
('TE', 'Inconnu', 'Inconnu'),
('TH', 'Thaïlande', 'Thaï'),
('TL', 'Inconnu', 'Inconnu'),
('UR', 'Inconnu', 'Inconnu'),
('ZH', 'Inconnu', 'Inconnu');

-- --------------------------------------------------------

--
-- Structure de la table `role`
--

DROP TABLE IF EXISTS `role`;
CREATE TABLE IF NOT EXISTS `role` (
  `titre` varchar(100) NOT NULL,
  `id_acteur` int(11) NOT NULL,
  `nom_role` varchar(100) DEFAULT NULL,
  PRIMARY KEY (`titre`,`id_acteur`),
  KEY `role_ibfk_2` (`id_acteur`)
) ENGINE=InnoDB;

--
-- Déchargement des données de la table `role`
--

INSERT INTO `role` (`titre`, `id_acteur`, `nom_role`) VALUES
('A Working Man', 454, 'Joe Garcia'),
('A Working Man', 973, 'Wolo Kolisnyk'),
('A Working Man', 976, 'Levon Cade'),
('A Working Man', 35029, 'Gunny Lefferty'),
('A Working Man', 3953574, 'Jenny Garcia'),
('Amaran', 86212, 'Colonel Amit Singh Dabas'),
('Amaran', 1295875, 'Vikram Singh'),
('Amaran', 1353425, 'Ravi Shankar'),
('Amaran', 1473119, 'Indhu Rebecca Varghese'),
('Blanche Neige', 3555, 'Doc (voice)'),
('Blanche Neige', 19978, 'Sneezy (voice)'),
('Blanche Neige', 90633, 'Evil Queen'),
('Blanche Neige', 1869968, 'Jonathan'),
('Blanche Neige', 2217977, 'Snow White'),
('Captain America : Brave New World', 3, 'President Thaddeus Ross'),
('Captain America : Brave New World', 1462, 'Samuel Sterns'),
('Captain America : Brave New World', 53650, 'Sam Wilson / Captain America'),
('Captain America : Brave New World', 1773397, 'Joaquin Torres'),
('Carjackers', 1077537, 'Elias'),
('Carjackers', 1449871, 'Nora'),
('Carjackers', 1947460, 'Prestance'),
('Carjackers', 2613134, 'Zoé'),
('Cleaner', 2296, 'Marcus'),
('Cleaner', 56650, 'Kahn'),
('Cleaner', 1315036, 'Joey Locke'),
('Cleaner', 1736805, 'Zee'),
('Cleaner', 2498631, 'Noah'),
('Companion', 210172, 'Eli'),
('Companion', 1030513, 'Josh'),
('Companion', 1371509, 'Patrick'),
('Companion', 1981044, 'Iris'),
('Companion', 2073513, 'Kat'),
('Contre-attaque', 89445, 'Josefo \"El Aguijón\" Urías'),
('Contre-attaque', 1309460, 'Capitán Guerrero'),
('Contre-attaque', 1311441, 'Tanque'),
('Contre-attaque', 2139802, 'Pollo'),
('Contre-attaque', 3524227, 'Toro'),
('Cosmic Chaos', 31383, 'Ada (voice)'),
('Cosmic Chaos', 80184, 'Emiliana Newton'),
('Cosmic Chaos', 90399, 'Ray Ashford'),
('Cosmic Chaos', 1451348, 'Hank'),
('Cosmic Chaos', 1681937, 'Lux'),
('Dark Match', 105656, 'Leader'),
('Dark Match', 221840, 'Kate the Great'),
('Dark Match', 231517, 'Miss Behave'),
('Dark Match', 1336329, 'Mean Joe Lean'),
('Dark Match', 5016435, 'Enigma'),
('Demain est un autre jour', 10963, 'Samuel'),
('Demain est un autre jour', 86310, 'Elizabeth'),
('Demain est un autre jour', 1192218, 'Garrett'),
('Demain est un autre jour', 1331457, 'Alex Rose'),
('Demain est un autre jour', 1562074, 'Brad Ackerman'),
('Fight or Flight', 2299, 'Lucas Reyes'),
('Fight or Flight', 51798, 'Katherine Brunt'),
('Fight or Flight', 118370, 'Cheyenne'),
('Fight or Flight', 1453293, 'Aaron Hunter'),
('Fight or Flight', 3327515, 'Isha'),
('Ghost Game', 2100160, ''),
('Ghost Game', 2536479, ''),
('Ghost Game', 3742245, ''),
('Ghost Game', 4638786, ''),
('Ghost Game', 4638787, ''),
('Giro final', 2278287, ''),
('Giro final', 3537690, ''),
('Giro final', 4374086, ''),
('Giro final', 5277217, ''),
('Giro final', 5277218, ''),
('Gladiator II', 935, 'Lucilla'),
('Gladiator II', 5292, 'Macrinus'),
('Gladiator II', 1253360, 'General Acacius'),
('Gladiator II', 1597365, 'Emperor Geta'),
('Gladiator II', 2326151, 'Lucius'),
('Hellhound', 41352, 'Paul'),
('Hellhound', 54649, 'Loreno'),
('Hellhound', 1191266, 'Somsak'),
('Hellhound', 1820190, 'Tar'),
('Holland', 258, 'Dave Delgado'),
('Holland', 2227, 'Nancy Vandergroot'),
('Holland', 15576, 'Fred Vandergroot'),
('Holland', 1658615, 'Squiggs Graumann'),
('Holland', 3232669, 'Harry Vandergroot'),
('Kraven the Hunter', 4941, 'Aleksei Sytsevich'),
('Kraven the Hunter', 27428, 'Sergei Kravinoff / Kraven the Hunter'),
('Kraven the Hunter', 984629, 'The Foreigner'),
('Kraven the Hunter', 1437491, 'Calypso Ezili'),
('Kraven the Hunter', 2099497, 'Dmitri Kravinoff'),
('L\'Ultime braquage', 89626, 'Slimani'),
('L\'Ultime braquage', 92429, 'Joppe'),
('L\'Ultime braquage', 1149906, 'Kasper'),
('L\'Ultime braquage', 1428298, 'Hasse'),
('L\'Ultime braquage', 1602451, 'Maria'),
('Mickey 17', 103, 'Kenneth Marshall'),
('Mickey 17', 3051, 'Ylfa'),
('Mickey 17', 11288, 'Mickey Barnes'),
('Mickey 17', 215055, 'Timo'),
('Mickey 17', 1537686, 'Nasha'),
('Minecraft, le film', 70851, 'Steve'),
('Minecraft, le film', 117642, 'Garrett'),
('Minecraft, le film', 1075037, 'Dawn'),
('Minecraft, le film', 2604515, 'Natalie'),
('Minecraft, le film', 2680307, 'Henry'),
('Mufasa : Le Roi Lion', 107529, 'Young Rafiki (voice)'),
('Mufasa : Le Roi Lion', 1074676, 'Sarabi (voice)'),
('Mufasa : Le Roi Lion', 1251835, 'Zazu (voice)'),
('Mufasa : Le Roi Lion', 1344361, 'Taka (voice)'),
('Mufasa : Le Roi Lion', 1763709, 'Mufasa (voice)'),
('Old Guy', 140, 'Anata'),
('Old Guy', 27319, 'Danny Dolinski'),
('Old Guy', 1866474, 'Ritchie'),
('Old Guy', 2385684, 'Datta'),
('Old Guy', 2764542, 'Wihlborg'),
('Opus', 3196, 'Clara Armstrong'),
('Opus', 6949, 'Alfred Moretti'),
('Opus', 152416, 'Stan Sullivan'),
('Opus', 1928381, 'Bianca Tyson'),
('Opus', 2195140, 'Ariel Ecton'),
('Peter Pan\'s Neverland Nightmare', 2478464, 'Peter Pan'),
('Peter Pan\'s Neverland Nightmare', 3205360, 'James Hook'),
('Peter Pan\'s Neverland Nightmare', 3965802, 'Wendy Darling'),
('Peter Pan\'s Neverland Nightmare', 4040585, 'Tinker Bell'),
('Peter Pan\'s Neverland Nightmare', 4041888, 'Michael Darling'),
('Pídeme lo que quieras', 1042729, 'Frida'),
('Pídeme lo que quieras', 1062026, 'Mónica'),
('Pídeme lo que quieras', 1144322, 'Miguel'),
('Pídeme lo que quieras', 2504043, 'Eric Zimmerman'),
('Pídeme lo que quieras', 3513082, 'Judith Flores'),
('Plankton : Le film', 17414, 'Karen / All the Karens / Alarm Voice / Stiletto Woman / Old Lady Cane (voice)'),
('Plankton : Le film', 78798, 'SpongeBob / Random Student / Gary / French Narrator (voice)'),
('Plankton : Le film', 188229, 'Plankton / Teen Plankton / Rube / Snorkler (voice)'),
('Popeye the Slayer Man', 98421, 'Adrienne'),
('Popeye the Slayer Man', 972445, 'Margot'),
('Popeye the Slayer Man', 2680806, 'Angus'),
('Popeye the Slayer Man', 3805862, 'Katie'),
('Popeye the Slayer Man', 4910699, 'Joey'),
('Sonic 3, le film', 206, 'Ivo Robotnik / Gerald Robotnik'),
('Sonic 3, le film', 6384, 'Shadow (voice)'),
('Sonic 3, le film', 17605, 'Knuckles (voice)'),
('Sonic 3, le film', 222121, 'Sonic (voice)'),
('Sonic 3, le film', 1212864, 'Tails (voice)'),
('The Codes of War', 17302, ''),
('The Codes of War', 5010136, ''),
('The Gorge', 10205, 'Bartholomew'),
('The Gorge', 84865, 'Erikas'),
('The Gorge', 996701, 'Levi'),
('The Gorge', 1397778, 'Drasa'),
('The Gorge', 1479869, 'J.D.'),
('The Insider', 112, 'Kathryn St. Jean'),
('The Insider', 2038, 'Dr. Zoe Vaughn'),
('The Insider', 17288, 'George Woodhouse'),
('The Insider', 52891, 'Freddie Smalls'),
('The Insider', 2673762, 'Clarissa Dubose'),
('Vaiana 2', 18918, 'Maui (voice)'),
('Vaiana 2', 55937, 'Kele (voice)'),
('Vaiana 2', 1564846, 'Moana (voice)'),
('Vaiana 2', 1868823, 'Loto (voice)'),
('Vaiana 2', 4775908, 'Moni (voice)'),
('Venom : The Last Dance', 1115, 'Detective Mulligan'),
('Venom : The Last Dance', 2524, 'Eddie Brock / Venom'),
('Venom : The Last Dance', 5294, 'Strickland'),
('Venom : The Last Dance', 7026, 'Martin'),
('Venom : The Last Dance', 36594, 'Dr. Teddy Paine'),
('Vol à haut risque', 13240, 'Daryl'),
('Vol à haut risque', 15050, 'Van Sant (voice)'),
('Vol à haut risque', 17052, 'Winston'),
('Vol à haut risque', 70904, 'Madolyn'),
('Vol à haut risque', 2714088, 'Hassan (voice)'),
('Z Zone', 4497442, ''),
('Z Zone', 4534066, ''),
('Z Zone', 4934349, '');

--
-- Contraintes pour les tables déchargées
--

--
-- Contraintes pour la table `film`
--
ALTER TABLE `film`
  ADD CONSTRAINT `film_ibfk_1` FOREIGN KEY (`id_realisateur`) REFERENCES `artiste` (`id`) ON DELETE CASCADE ON UPDATE CASCADE,
  ADD CONSTRAINT `film_ibfk_2` FOREIGN KEY (`code_pays`) REFERENCES `pays` (`code`) ON DELETE CASCADE ON UPDATE CASCADE;

--
-- Contraintes pour la table `film_genre`
--
ALTER TABLE `film_genre`
  ADD CONSTRAINT `film_genre_ibfk_1` FOREIGN KEY (`id_genre`) REFERENCES `genre` (`id_genre`),
  ADD CONSTRAINT `film_genre_ibfk_2` FOREIGN KEY (`titre_film`) REFERENCES `film` (`titre`);

--
-- Contraintes pour la table `notation`
--
ALTER TABLE `notation`
  ADD CONSTRAINT `notation_ibfk_1` FOREIGN KEY (`titre`) REFERENCES `film` (`titre`),
  ADD CONSTRAINT `notation_ibfk_2` FOREIGN KEY (`email`) REFERENCES `internaute` (`email`);

--
-- Contraintes pour la table `role`
--
ALTER TABLE `role`
  ADD CONSTRAINT `role_ibfk_1` FOREIGN KEY (`titre`) REFERENCES `film` (`titre`) ON DELETE CASCADE ON UPDATE CASCADE,
  ADD CONSTRAINT `role_ibfk_2` FOREIGN KEY (`id_acteur`) REFERENCES `artiste` (`id`) ON DELETE CASCADE ON UPDATE CASCADE;
COMMIT;

/*!40101 SET CHARACTER_SET_CLIENT=@OLD_CHARACTER_SET_CLIENT */;
/*!40101 SET CHARACTER_SET_RESULTS=@OLD_CHARACTER_SET_RESULTS */;
/*!40101 SET COLLATION_CONNECTION=@OLD_COLLATION_CONNECTION */;
